학교ID,학교명,학교급구분,설립일자,설립형태,본교분교구분,운영상태,소재지지번주소,소재지도로명주소,시도교육청코드,시도교육청명,교육지원청코드,교육지원청명,생성일자,변경일자,위도,경도,데이터기준일자,제공기관코드,제공기관명
B000003853,안양중앙초등학교,초등학교,1984-09-04,공립,본교,운영,경기도 안양시 동안구 비산동 423,경기도 안양시 동안구 경수대로883번길 11,7530000,경기도교육청,7569000,경기도안양과천교육지원청,2013-11-29,2025-10-25,37.39553138,126.9377855,2026-03-20,B554398,한국교육시설안전원
B000009263,대안여자중학교,중학교,1986-05-06,공립,본교,운영,경기도 안양시 동안구 호계동 1231,경기도 안양시 동안구 흥안대로223번길 46,7530000,경기도교육청,7569000,경기도안양과천교육지원청,2013-11-29,2025-10-25,37.3771591,126.9651002,2026-03-20,B554398,한국교육시설안전원
B000003875,호계초등학교,초등학교,1981-03-01,공립,본교,운영,경기도 안양시 동안구 호계동 923-17,경기도 안양시 동안구 경수대로707번길 27,7530000,경기도교육청,7569000,경기도안양과천교육지원청,2013-11-29,2025-10-25,37.38427093,126.9501232,2026-03-20,B554398,한국교육시설안전원
B000003866,안양관악초등학교,초등학교,2000-03-01,공립,본교,운영,경기도 안양시 동안구 관양동 367-2,경기도 안양시 동안구 일동로 201,7530000,경기도교육청,7569000,경기도안양과천교육지원청,2013-11-29,2025-10-25,37.40664855,126.9681914,2026-03-20,B554398,한국교육시설안전원
B000009271,호성중학교,중학교,2003-03-01,공립,본교,운영,경기도 안양시 동안구 호계동 781-3,경기도 안양시 동안구 호성로 55,7530000,경기도교육청,7569000,경기도안양과천교육지원청,2013-11-29,2025-10-25,37.36691837,126.9637649,2026-03-20,B554398,한국교육시설안전원
B000012500,안양고등학교,고등학교,1983-03-03,공립,본교,운영,경기도 안양시 만안구 박달동 144-3,경기도 안양시 만안구 삼봉로 46,7530000,경기도교육청,7569000,경기도안양과천교육지원청,2013-11-29,2025-10-25,37.40048898,126.90136,2026-03-20,B554398,한국교육시설안전원
B000009274,부림중학교,중학교,1992-09-01,공립,본교,운영,경기도 안양시 동안구 관양동 1586-1,경기도 안양시 동안구 달안로 95,7530000,경기도교육청,7569000,경기도안양과천교육지원청,2013-11-29,2025-10-25,37.39806651,126.9532768,2026-03-20,B554398,한국교육시설안전원
B000009275,부안중학교,중학교,1994-03-01,공립,본교,운영,경기도 안양시 동안구 관양동 1588-5,경기도 안양시 동안구 달안로 170,7530000,경기도교육청,7569000,경기도안양과천교육지원청,2013-11-29,2025-10-25,37.39909518,126.9606259,2026-03-20,B554398,한국교육시설안전원
B000003852,샘모루초등학교,초등학교,2004-03-01,공립,본교,운영,경기도 안양시 동안구 비산동 405,경기도 안양시 동안구 관악대로 155,7530000,경기도교육청,7569000,경기도안양과천교육지원청,2013-11-29,2025-10-25,37.3996207,126.9408353,2026-03-20,B554398,한국교육시설안전원
B000012503,관양고등학교,고등학교,2002-03-01,공립,본교,운영,경기도 안양시 동안구 관양동 523-4,경기도 안양시 동안구 일동로 115,7530000,경기도교육청,7569000,경기도안양과천교육지원청,2013-11-29,2025-10-25,37.40881423,126.9601177,2026-03-20,B554398,한국교육시설안전원
B000003837,덕천초등학교,초등학교,1983-07-18,공립,본교,운영,경기도 안양시 만안구 안양동 192-5,경기도 안양시 만안구 전파로 27,7530000,경기도교육청,7569000,경기도안양과천교육지원청,2013-11-29,2025-10-25,37.39206378,126.9359049,2026-03-20,B554398,한국교육시설안전원
B000003876,비산초등학교,초등학교,1980-03-03,공립,본교,운영,경기도 안양시 동안구 비산동 315-1,경기도 안양시 동안구 운곡로 52,7530000,경기도교육청,7569000,경기도안양과천교육지원청,2013-11-29,2025-10-25,37.40526069,126.943703,2026-03-20,B554398,한국교육시설안전원
B000012501,충훈고등학교,고등학교,2004-03-01,공립,본교,운영,경기도 안양시 만안구 석수동 595-3,경기도 안양시 만안구 석수로 238,7530000,경기도교육청,7569000,경기도안양과천교육지원청,2013-11-29,2025-10-25,37.41081461,126.8931377,2026-03-20,B554398,한국교육시설안전원
B000011497,평촌경영고등학교,고등학교,1994-03-01,공립,본교,운영,경기도 안양시 동안구 관양동 1587-2,경기도 안양시 동안구 학의로 186,7530000,경기도교육청,7569000,경기도안양과천교육지원청,2013-11-29,2025-10-25,37.40107292,126.9590273,2026-03-20,B554398,한국교육시설안전원
B000003867,관양초등학교,초등학교,1948-04-01,공립,본교,운영,경기도 안양시 동안구 관양동 1407,경기도 안양시 동안구 관평로336번길 23,7530000,경기도교육청,7569000,경기도안양과천교육지원청,2013-11-29,2025-10-25,37.4067103,126.9602277,2026-03-20,B554398,한국교육시설안전원
B000012508,신성고등학교,고등학교,1974-03-05,사립,본교,운영,경기도 안양시 만안구 안양동 587-68,경기도 안양시 만안구 소곡로 93,7530000,경기도교육청,7569000,경기도안양과천교육지원청,2013-11-29,2025-10-25,37.38415457,126.918832,2026-03-20,B554398,한국교육시설안전원
B000012502,인덕원고등학교,고등학교,2007-03-01,공립,본교,운영,경기도 안양시 동안구 관양동 193-3,경기도 안양시 동안구 안양판교로 43,7530000,경기도교육청,7569000,경기도안양과천교육지원청,2013-11-29,2025-10-25,37.39997331,126.981096,2026-03-20,B554398,한국교육시설안전원
B000009273,인덕원중학교,중학교,1982-03-01,공립,본교,운영,경기도 안양시 동안구 관양동 1482,경기도 안양시 동안구 벌말로 174,7530000,경기도교육청,7569000,경기도안양과천교육지원청,2013-11-29,2025-10-25,37.40224961,126.9714242,2026-03-20,B554398,한국교육시설안전원
B000003844,삼성초등학교,초등학교,1954-04-01,공립,본교,운영,경기도 안양시 만안구 석수동 167-4,경기도 안양시 만안구 경수대로 1240,7530000,경기도교육청,7569000,경기도안양과천교육지원청,2013-11-29,2025-10-25,37.4195128,126.9119847,2026-03-20,B554398,한국교육시설안전원
B000009282,성문중학교,중학교,1971-03-05,사립,본교,운영,경기도 안양시 만안구 안양동 501-28,경기도 안양시 만안구 성결대학로64번길 9,7530000,경기도교육청,7569000,경기도안양과천교육지원청,2013-11-29,2025-10-25,37.37984308,126.9246852,2026-03-20,B554398,한국교육시설안전원
B000003873,안양신기초등학교,초등학교,1992-09-01,공립,본교,운영,경기도 안양시 동안구 호계동 1056-5,경기도 안양시 동안구 동안로 26,7530000,경기도교육청,7569000,경기도안양과천교육지원청,2013-11-29,2025-10-25,37.3816429,126.9569687,2026-03-20,B554398,한국교육시설안전원
B000003841,석수초등학교,초등학교,1981-10-10,공립,본교,운영,경기도 안양시 만안구 석수동 655-75,경기도 안양시 만안구 석수로 110,7530000,경기도교육청,7569000,경기도안양과천교육지원청,2013-11-29,2025-10-25,37.40610427,126.9007563,2026-03-20,B554398,한국교육시설안전원
B000009265,안양중학교,중학교,1948-03-15,공립,본교,운영,경기도 안양시 만안구 석수동 752,경기도 안양시 만안구 와룡로 53,7530000,경기도교육청,7569000,경기도안양과천교육지원청,2013-11-29,2025-10-25,37.40925264,126.8966844,2026-03-20,B554398,한국교육시설안전원
B000003860,귀인초등학교,초등학교,1993-03-08,공립,본교,운영,경기도 안양시 동안구 평촌동 932-1,경기도 안양시 동안구 귀인로 248,7530000,경기도교육청,7569000,경기도안양과천교육지원청,2013-11-29,2025-10-25,37.38674525,126.9659381,2026-03-20,B554398,한국교육시설안전원
B000009266,안양서중학교,중학교,1989-03-01,공립,본교,운영,경기도 안양시 만안구 안양동 1055-3,경기도 안양시 만안구 창박로 26,7530000,경기도교육청,7569000,경기도안양과천교육지원청,2013-11-29,2025-10-25,37.38592792,126.9043162,2026-03-20,B554398,한국교육시설안전원
B000024200,연현초등학교,초등학교,1996-03-14,공립,본교,운영,경기도 안양시 만안구 석수동 485-16,경기도 안양시 만안구 연현로1번길 55,7530000,경기도교육청,7569000,경기도안양과천교육지원청,2013-11-29,2025-10-25,37.4252211,126.9025062,2026-03-20,B554398,한국교육시설안전원
B000012511,성문고등학교,고등학교,1983-11-21,사립,본교,운영,경기도 안양시 만안구 안양동 501-28,경기도 안양시 만안구 성결대학로64번길 9,7530000,경기도교육청,7569000,경기도안양과천교육지원청,2013-11-29,2025-10-25,37.37984308,126.9246852,2026-03-20,B554398,한국교육시설안전원
B000003857,벌말초등학교,초등학교,2001-05-16,공립,본교,운영,경기도 안양시 동안구 평촌동 75-8,경기도 안양시 동안구 학의로408번길 25,7530000,경기도교육청,7569000,경기도안양과천교육지원청,2013-11-29,2025-10-25,37.39383705,126.9808953,2026-03-20,B554398,한국교육시설안전원
B000011496,경기게임마이스터고등학교,고등학교,1995-03-01,공립,본교,운영,경기도 안양시 동안구 비산동 1101,경기도 안양시 동안구 학의로 70,7530000,경기도교육청,7569000,경기도안양과천교육지원청,2013-11-29,2025-10-25,37.39791081,126.9474683,2026-03-20,B554398,한국교육시설안전원
B000012510,안양여자고등학교,고등학교,1960-03-08,사립,본교,운영,경기도 안양시 만안구 안양동 840-2,경기도 안양시 만안구 안양로 357,7530000,경기도교육청,7569000,경기도안양과천교육지원청,2013-11-29,2025-10-25,37.40353299,126.9163026,2026-03-20,B554398,한국교육시설안전원
B000003843,삼봉초등학교,초등학교,2001-03-01,공립,본교,운영,경기도 안양시 만안구 박달동 114-3,경기도 안양시 만안구 박달로437번길 21,7530000,경기도교육청,7569000,경기도안양과천교육지원청,2013-11-29,2025-10-25,37.40297685,126.8991863,2026-03-20,B554398,한국교육시설안전원
B000003836,해오름초등학교,초등학교,2012-03-01,공립,본교,운영,경기도 안양시 동안구 관양동 1671,경기도 안양시 동안구 동편로 117,7530000,경기도교육청,7569000,경기도안양과천교육지원청,2013-11-29,2025-10-25,37.41074576,126.9691932,2026-03-20,B554398,한국교육시설안전원
B000009281,안양여자중학교,중학교,1952-03-22,사립,본교,운영,경기도 안양시 만안구 안양동 840-2,경기도 안양시 만안구 안양로 357,7530000,경기도교육청,7569000,경기도안양과천교육지원청,2013-11-29,2025-10-25,37.40356518,126.9163223,2026-03-20,B554398,한국교육시설안전원
B000003849,만안초등학교,초등학교,1962-03-10,공립,본교,운영,경기도 안양시 만안구 안양동 848-1,경기도 안양시 만안구 안양로384번길 13,7530000,경기도교육청,7569000,경기도안양과천교육지원청,2013-11-29,2025-10-25,37.40664496,126.9167372,2026-03-20,B554398,한국교육시설안전원
B000003862,범계초등학교,초등학교,1992-03-01,공립,본교,운영,경기도 안양시 동안구 호계동 1052-1,경기도 안양시 동안구 동안로 90,7530000,경기도교육청,7569000,경기도안양과천교육지원청,2013-11-29,2025-10-25,37.38751871,126.9537811,2026-03-20,B554398,한국교육시설안전원
B000009278,비산중학교,중학교,2006-03-01,공립,본교,운영,경기도 안양시 동안구 비산동 121-1,경기도 안양시 동안구 평촌대로427번길 42,7530000,경기도교육청,7569000,경기도안양과천교육지원청,2013-11-29,2025-10-25,37.40942621,126.948075,2026-03-20,B554398,한국교육시설안전원
B000003864,안양덕현초등학교,초등학교,1991-09-01,공립,본교,운영,경기도 안양시 동안구 호계동 1101,경기도 안양시 동안구 갈산로 34,7530000,경기도교육청,7569000,경기도안양과천교육지원청,2013-11-29,2025-10-25,37.37549471,126.9623993,2026-03-20,B554398,한국교육시설안전원
B000003845,화창초등학교,초등학교,2005-03-01,공립,본교,운영,경기도 안양시 만안구 석수동 348-7,경기도 안양시 만안구 양화로217번길 30,7530000,경기도교육청,7569000,경기도안양과천교육지원청,2013-11-29,2025-10-25,37.41212653,126.9035094,2026-03-20,B554398,한국교육시설안전원
B000009272,범계중학교,중학교,1992-03-01,공립,본교,운영,경기도 안양시 동안구 호계동 1054-5,경기도 안양시 동안구 동안로 56,7530000,경기도교육청,7569000,경기도안양과천교육지원청,2013-11-29,2025-10-25,37.38471774,126.9553571,2026-03-20,B554398,한국교육시설안전원
B000012512,백영고등학교,고등학교,1995-03-01,사립,본교,운영,경기도 안양시 동안구 평촌동 932,경기도 안양시 동안구 관평로 94,7530000,경기도교육청,7569000,경기도안양과천교육지원청,2013-11-29,2025-10-25,37.386458,126.9649474,2026-03-20,B554398,한국교육시설안전원
B000003850,안양서초등학교,초등학교,1972-11-25,공립,본교,운영,경기도 안양시 만안구 안양동 922,경기도 안양시 만안구 양화로37번길 32,7530000,경기도교육청,7569000,경기도안양과천교육지원청,2013-11-29,2025-10-25,37.39696022,126.911039,2026-03-20,B554398,한국교육시설안전원
B000003865,안양남초등학교,초등학교,1946-03-15,공립,본교,운영,경기도 안양시 동안구 호계동 1215,경기도 안양시 동안구 흥안대로 275,7530000,경기도교육청,7569000,경기도안양과천교육지원청,2013-11-29,2025-10-25,37.37987549,126.9685686,2026-03-20,B554398,한국교육시설안전원
B000003863,호성초등학교,초등학교,1983-03-01,공립,본교,운영,경기도 안양시 동안구 호계동 792-4,경기도 안양시 동안구 호성로 43-2,7530000,경기도교육청,7569000,경기도안양과천교육지원청,2013-11-29,2025-10-25,37.36625525,126.9630267,2026-03-20,B554398,한국교육시설안전원
B000009267,관양중학교,중학교,1977-03-01,공립,본교,운영,경기도 안양시 동안구 관양동 1407-2,경기도 안양시 동안구 관악대로339번길 35,7530000,경기도교육청,7569000,경기도안양과천교육지원청,2013-11-29,2025-10-25,37.40568279,126.9605487,2026-03-20,B554398,한국교육시설안전원
B000003856,나눔초등학교,초등학교,2006-03-01,공립,본교,운영,경기도 안양시 동안구 평촌동 109-1,경기도 안양시 동안구 흥안대로414번길 22,7530000,경기도교육청,7569000,경기도안양과천교육지원청,2013-11-29,2025-10-25,37.39057608,126.9755501,2026-03-20,B554398,한국교육시설안전원
B000009280,신성중학교,중학교,1970-03-02,사립,본교,운영,경기도 안양시 만안구 안양동 587-68,경기도 안양시 만안구 소곡로 93,7530000,경기도교육청,7569000,경기도안양과천교육지원청,2013-11-29,2025-10-25,37.38415457,126.918832,2026-03-20,B554398,한국교육시설안전원
B000009276,안양부흥중학교,중학교,1992-03-05,공립,본교,운영,경기도 안양시 동안구 비산동 1102-1,경기도 안양시 동안구 달안로 25,7530000,경기도교육청,7569000,경기도안양과천교육지원청,2013-11-29,2025-10-25,37.39408695,126.9454579,2026-03-20,B554398,한국교육시설안전원
B000011499,근명고등학교,고등학교,1967-10-05,사립,본교,운영,경기도 안양시 만안구 안양동 708-197,경기도 안양시 만안구 삼덕로 49,7530000,경기도교육청,7569000,경기도안양과천교육지원청,2013-11-29,2025-10-25,37.39354124,126.9200136,2026-03-20,B554398,한국교육시설안전원
B000003848,안양초등학교,초등학교,1929-12-20,공립,본교,운영,경기도 안양시 만안구 안양동 378-1,경기도 안양시 만안구 현충로28번길 54,7530000,경기도교육청,7569000,경기도안양과천교육지원청,2013-11-29,2025-10-25,37.39417913,126.9279515,2026-03-20,B554398,한국교육시설안전원
B000009270,신기중학교,중학교,1991-03-01,공립,본교,운영,경기도 안양시 동안구 호계동 1075-1,경기도 안양시 동안구 경수대로610번길 57,7530000,경기도교육청,7569000,경기도안양과천교육지원청,2013-11-29,2025-10-25,37.37908069,126.9588302,2026-03-20,B554398,한국교육시설안전원
B000009260,신안중학교,중학교,1980-03-01,공립,본교,운영,경기도 안양시 만안구 안양동 728,경기도 안양시 만안구 능곡로 78,7530000,경기도교육청,7569000,경기도안양과천교육지원청,2013-11-29,2025-10-25,37.38811426,126.9148167,2026-03-20,B554398,한국교육시설안전원
B000012507,양명고등학교,고등학교,1974-03-09,사립,본교,운영,경기도 안양시 만안구 안양동 64,경기도 안양시 만안구 경수대로1001번길 184,7530000,경기도교육청,7569000,경기도안양과천교육지원청,2013-11-29,2025-10-25,37.40864037,126.9200167,2026-03-20,B554398,한국교육시설안전원
B000003868,인덕원초등학교,초등학교,1987-09-05,공립,본교,운영,경기도 안양시 동안구 관양동 210,경기도 안양시 동안구 관양로 311,7530000,경기도교육청,7569000,경기도안양과천교육지원청,2013-11-29,2025-10-25,37.39728426,126.9797534,2026-03-20,B554398,한국교육시설안전원
B000023859,연현중학교,중학교,2002-03-04,공립,본교,운영,경기도 안양시 만안구 석수동 442-5,경기도 안양시 만안구 석수로 462,7530000,경기도교육청,7569000,경기도안양과천교육지원청,2013-11-29,2025-10-25,37.42938399,126.899507,2026-03-20,B554398,한국교육시설안전원
B000003869,희성초등학교,초등학교,1993-04-04,공립,본교,운영,경기도 안양시 동안구 비산동 1101-1,경기도 안양시 동안구 학의로 86,7530000,경기도교육청,7569000,경기도안양과천교육지원청,2013-11-29,2025-10-25,37.39836601,126.9487102,2026-03-20,B554398,한국교육시설안전원
B000003872,안양동초등학교,초등학교,1969-03-01,공립,본교,운영,경기도 안양시 동안구 비산동 511-85,경기도 안양시 동안구 임곡로80번길 34,7530000,경기도교육청,7569000,경기도안양과천교육지원청,2013-11-29,2025-10-25,37.4074453,126.9359047,2026-03-20,B554398,한국교육시설안전원
B000011857,안양예술고등학교,고등학교,1983-03-01,사립,본교,운영,경기도 안양시 만안구 안양동 산42-1,경기도 안양시 만안구 양화로25번길 40,7530000,경기도교육청,7569000,경기도안양과천교육지원청,2013-11-29,2025-10-25,37.39580704,126.9114168,2026-03-20,B554398,한국교육시설안전원
B000009279,호계중학교,중학교,1988-03-01,공립,본교,운영,경기도 안양시 동안구 호계동 315-5,경기도 안양시 동안구 경수대로665번길 74-23,7530000,경기도교육청,7569000,경기도안양과천교육지원청,2013-11-29,2025-10-25,37.37834907,126.9517363,2026-03-20,B554398,한국교육시설안전원
B000003842,박달초등학교,초등학교,1983-10-15,공립,본교,운영,경기도 안양시 만안구 박달동 128-7,경기도 안양시 만안구 삼봉로 38,7530000,경기도교육청,7569000,경기도안양과천교육지원청,2013-11-29,2025-10-25,37.4007784,126.9027858,2026-03-20,B554398,한국교육시설안전원
B000011500,안양문화고등학교,고등학교,1980-11-26,사립,본교,운영,경기도 안양시 만안구 안양동 산41-1,경기도 안양시 만안구 양화로37번길 36,7530000,경기도교육청,7569000,경기도안양과천교육지원청,2013-11-29,2025-10-25,37.39571621,126.9090332,2026-03-20,B554398,한국교육시설안전원
B000009269,귀인중학교,중학교,1993-03-01,공립,본교,운영,경기도 안양시 동안구 평촌동 914,경기도 안양시 동안구 귀인로190번길 114,7530000,경기도교육청,7569000,경기도안양과천교육지원청,2013-11-29,2025-10-25,37.38403061,126.9633897,2026-03-20,B554398,한국교육시설안전원
B000003854,안양부안초등학교,초등학교,1994-03-01,공립,본교,운영,경기도 안양시 동안구 관양동 1586-2,경기도 안양시 동안구 달안로 113,7530000,경기도교육청,7569000,경기도안양과천교육지원청,2013-11-29,2025-10-25,37.3983563,126.9542396,2026-03-20,B554398,한국교육시설안전원
B000011856,안양외국어고등학교,고등학교,1997-03-01,사립,본교,운영,경기도 안양시 만안구 안양동 산41-1,경기도 안양시 만안구 양화로37번길 36,7530000,경기도교육청,7569000,경기도안양과천교육지원청,2013-11-29,2025-10-25,37.39571621,126.9090332,2026-03-20,B554398,한국교육시설안전원
B000003861,민백초등학교,초등학교,1993-10-01,공립,본교,운영,경기도 안양시 동안구 평촌동 933-1,경기도 안양시 동안구 부림로 22,7530000,경기도교육청,7569000,경기도안양과천교육지원청,2013-11-29,2025-10-25,37.38651687,126.9700228,2026-03-20,B554398,한국교육시설안전원
B000003847,안일초등학교,초등학교,2002-03-01,공립,본교,운영,경기도 안양시 만안구 안양동 85-6,경기도 안양시 만안구 안양천서로 339,7530000,경기도교육청,7569000,경기도안양과천교육지원청,2013-11-29,2025-10-25,37.40408484,126.9223567,2026-03-20,B554398,한국교육시설안전원
B000003838,명학초등학교,초등학교,1978-03-01,공립,본교,운영,경기도 안양시 만안구 안양동 349-13,경기도 안양시 만안구 명학로 55,7530000,경기도교육청,7569000,경기도안양과천교육지원청,2013-11-29,2025-10-25,37.37997664,126.9344732,2026-03-20,B554398,한국교육시설안전원
B000003851,안양호암초등학교,초등학교,2006-03-01,공립,본교,운영,경기도 안양시 만안구 석수동 221-40,경기도 안양시 만안구 예술공원로103번길 73,7530000,경기도교육청,7569000,경기도안양과천교육지원청,2013-11-29,2025-10-25,37.42090452,126.9164018,2026-03-20,B554398,한국교육시설안전원
B000003846,신안초등학교,초등학교,1979-03-02,공립,본교,운영,경기도 안양시 만안구 안양동 723-1,경기도 안양시 만안구 능곡로 52,7530000,경기도교육청,7569000,경기도안양과천교육지원청,2013-11-29,2025-10-25,37.38960225,126.9148624,2026-03-20,B554398,한국교육시설안전원
B000003859,평촌초등학교,초등학교,1993-05-01,공립,본교,운영,경기도 안양시 동안구 평촌동 899-4,경기도 안양시 동안구 평촌대로180번길 56,7530000,경기도교육청,7569000,경기도안양과천교육지원청,2013-11-29,2025-10-25,37.38839468,126.9604635,2026-03-20,B554398,한국교육시설안전원
B000009261,대안중학교,중학교,1984-01-16,공립,본교,운영,경기도 안양시 동안구 호계동 1228,경기도 안양시 동안구 흥안대로249번길 25,7530000,경기도교육청,7569000,경기도안양과천교육지원청,2013-11-29,2025-10-25,37.37798341,126.9658777,2026-03-20,B554398,한국교육시설안전원
B000026166,박달중학교,중학교,2017-03-01,공립,본교,운영,경기도 안양시 만안구 박달동 590,경기도 안양시 만안구 박달로418번길 70,7530000,경기도교육청,7569000,경기도안양과천교육지원청,2013-11-29,2025-10-25,37.39939795,126.8970462,2026-03-20,B554398,한국교육시설안전원
B000003855,부림초등학교,초등학교,1991-09-01,공립,본교,운영,경기도 안양시 동안구 관양동 1587-3,경기도 안양시 동안구 달안로 161,7530000,경기도교육청,7569000,경기도안양과천교육지원청,2013-11-29,2025-10-25,37.40034812,126.9600173,2026-03-20,B554398,한국교육시설안전원
B000009283,근명중학교,중학교,1967-10-05,사립,본교,운영,경기도 안양시 만안구 안양동 708-197,경기도 안양시 만안구 삼덕로 49,7530000,경기도교육청,7569000,경기도안양과천교육지원청,2013-11-29,2025-10-25,37.39354124,126.9200136,2026-03-20,B554398,한국교육시설안전원
B000009277,임곡중학교,중학교,2006-03-03,공립,본교,운영,경기도 안양시 동안구 비산동 511-129,경기도 안양시 동안구 임곡로 105,7530000,경기도교육청,7569000,경기도안양과천교육지원청,2013-11-29,2025-10-25,37.40854787,126.9315627,2026-03-20,B554398,한국교육시설안전원
B000003874,호원초등학교,초등학교,1987-03-01,공립,본교,운영,경기도 안양시 동안구 호계동 338,경기도 안양시 동안구 경수대로623번길 72,7530000,경기도교육청,7569000,경기도안양과천교육지원청,2013-11-29,2025-10-25,37.37505948,126.9531928,2026-03-20,B554398,한국교육시설안전원
B000009268,평촌중학교,중학교,1992-09-01,공립,본교,운영,경기도 안양시 동안구 평촌동 899-5,경기도 안양시 동안구 관평로 127,7530000,경기도교육청,7569000,경기도안양과천교육지원청,2013-11-29,2025-10-25,37.38878173,126.9614853,2026-03-20,B554398,한국교육시설안전원
B000012509,양명여자고등학교,고등학교,1983-04-19,사립,본교,운영,경기도 안양시 만안구 안양동 산21-10,경기도 안양시 만안구 경수대로1001번길 150,7530000,경기도교육청,7569000,경기도안양과천교육지원청,2013-11-29,2025-10-25,37.40697627,126.9221725,2026-03-20,B554398,한국교육시설안전원
B000003871,안양부흥초등학교,초등학교,1992-06-01,공립,본교,운영,경기도 안양시 동안구 비산동 1102-8,경기도 안양시 동안구 달안로 37,7530000,경기도교육청,7569000,경기도안양과천교육지원청,2013-11-29,2025-10-25,37.3947605,126.9465091,2026-03-20,B554398,한국교육시설안전원
B000003858,동안초등학교,초등학교,1992-09-01,공립,본교,운영,경기도 안양시 동안구 평촌동 898-1,경기도 안양시 동안구 관평로138번길 36,7530000,경기도교육청,7569000,경기도안양과천교육지원청,2013-11-29,2025-10-25,37.38951934,126.9649077,2026-03-20,B554398,한국교육시설안전원
B000011495,안양공업고등학교,고등학교,1948-03-15,공립,본교,운영,경기도 안양시 만안구 안양동 881-3,경기도 안양시 만안구 양화로28번길 69,7530000,경기도교육청,7569000,경기도안양과천교육지원청,2013-11-29,2025-10-25,37.39956392,126.914329,2026-03-20,B554398,한국교육시설안전원
B000011498,평촌과학기술고등학교,고등학교,1995-03-02,공립,본교,운영,경기도 안양시 동안구 호계동 1106,경기도 안양시 동안구 갈산로 16,7530000,경기도교육청,7569000,경기도안양과천교육지원청,2013-11-29,2025-10-25,37.37360398,126.9626142,2026-03-20,B554398,한국교육시설안전원
B000003870,달안초등학교,초등학교,1992-08-29,공립,본교,운영,경기도 안양시 동안구 비산동 1109-1,경기도 안양시 동안구 동안로 178,7530000,경기도교육청,7569000,경기도안양과천교육지원청,2013-11-29,2025-10-25,37.39460528,126.9500874,2026-03-20,B554398,한국교육시설안전원
B000012506,부흥고등학교,고등학교,1993-03-01,공립,본교,운영,경기도 안양시 동안구 비산동 1102-2,경기도 안양시 동안구 달안로 15,7530000,경기도교육청,7569000,경기도안양과천교육지원청,2013-11-29,2025-10-25,37.39330664,126.9446222,2026-03-20,B554398,한국교육시설안전원
B000012504,동안고등학교,고등학교,1994-03-05,공립,본교,운영,경기도 안양시 동안구 평촌동 898-3,경기도 안양시 동안구 부림로 71,7530000,경기도교육청,7569000,경기도안양과천교육지원청,2013-11-29,2025-10-25,37.39035669,126.9661064,2026-03-20,B554398,한국교육시설안전원
B000003839,안양양지초등학교,초등학교,1989-03-01,공립,본교,운영,경기도 안양시 만안구 안양동 977-1,경기도 안양시 만안구 병목안로130번길 69,7530000,경기도교육청,7569000,경기도안양과천교육지원청,2013-11-29,2025-10-25,37.39224518,126.9045522,2026-03-20,B554398,한국교육시설안전원
B000012505,평촌고등학교,고등학교,1992-04-13,공립,본교,운영,경기도 안양시 동안구 호계동 1054,경기도 안양시 동안구 동안로 80,7530000,경기도교육청,7569000,경기도안양과천교육지원청,2013-11-29,2025-10-25,37.3865366,126.9547456,2026-03-20,B554398,한국교육시설안전원
