PRKPLCE_NO,PRKPLCE_NM,PRKPLCE_SE,PRKPLCE_TYPE,RDNMADR,LNMADR,PRKCMPRT,FEEDING_SE,ENFORCE_SE,OPER_DAY,WEEKDAY_OPER_OPEN_HHMM,WEEKDAY_OPER_COLSE_HHMM,BASIC_TIME,BASIC_CHARGE,ADD_UNIT_TIME,ADD_UNIT_CHARGE,MONTH_CMMTKT,INSTITUTION_NM,PHONE_NUMBER,LATITUDE,LONGITUDE,REFERENCE_DATE
209-2-000003,관양2동 공업부지 노외 주차장,공영,노외,경기도 안양시 동안구 시민대로383번길 38,경기도 안양시 동안구 관양동 850-3,49,2,미시행,평일+토요일+공휴일,00:00,23:59,30,400,,,,경기도 안양시,031-8045-5255,37.398098,126.973011,2026-04-17
209-1-000006,호계고가밑 주차장,공영,노상,경기도 안양시 동안구 흥안대로 67,,30,2,미시행,평일,10:00,18:00,30,400,,,,경기도 안양시,031-8045-5255,37.369056,126.952098,2026-04-17
209-1-000005,인덕원노상2 주차장,공영,노상,경기도 안양시 동안구 흥안대로 524,,58,1,미시행,평일+토요일+공휴일,09:00,22:00,30,600,,,,경기도 안양시,031-8045-5255,37.400745,126.977342,2026-04-17
209-1-000004,인덕원노상1 주차장,공영,노상,경기도 안양시 동안구 흥안대로 527,,51,1,미시행,평일+토요일+공휴일,09:00,22:00,30,600,,,,경기도 안양시,031-8045-5255,37.401119,126.976131,2026-04-17
209-1-000003,관악노상1 주차장,공영,노상,경기도 안양시 동안구 관악대로 370,,92,1,미시행,평일+토요일,09:00,19:00,30,600,,,,경기도 안양시,031-8045-5255,37.403949,126.964044,2026-04-17
209-1-000002,관악노상2 주차장,공영,노상,경기도 안양시 동안구 관악대로 373,,126,1,미시행,평일+토요일,09:00,19:00,30,600,,,,경기도 안양시,031-8045-5255,37.404688,126.964073,2026-04-17
209-1-000001,관양시장노상 주차장,공영,노상,경기도 안양시 동안구 관평로 324,,27,2,미시행,평일,10:00,18:00,30,400,,,,경기도 안양시,031-8045-5255,37.404930,126.957766,2026-04-17
208-2-000050,안양8동 지하 주차장,공영,노외,,경기도 안양시 만안구 안양동 1287-6,134,4,미시행,평일,09:00,18:00,30,200,,,,경기도 안양시,031-8045-5255,37.385493,126.933120,2026-04-17
208-2-000049,호현마을 주민주차장 주차장,공영,노외,,경기도 안양시 만안구 박달동 867-12,62,기타,미시행,평일+토요일+공휴일,00:00,23:59,30,0,,,,경기도 안양시,031-8045-5255,37.406334,126.883768,2026-04-17
208-2-000048,호현마을 주차장,공영,노외,,경기도 안양시 만안구 박달동 818,64,기타,미시행,평일+토요일+공휴일,00:00,23:59,30,0,,,,경기도 안양시,031-8045-5255,37.405940,126.883488,2026-04-17
208-2-000047,우주타운옆 주차장,공영,노외,경기도 안양시 만안구 박달로416번길 19,,48,기타,미시행,평일+토요일+공휴일,00:00,23:59,30,0,,,,경기도 안양시,031-8045-5255,37.400551,126.898470,2026-04-17
208-2-000046,정우아트빌라 뒤 주차장,공영,노외,경기도 안양시 만안구 양화로151번길 5,경기도 안양시 만안구 박달동 14-16,6,기타,미시행,평일+토요일+공휴일,00:00,23:59,30,0,,,,경기도 안양시,031-8045-5255,37.405818,126.908111,2026-04-17
208-2-000045,박달1동 주민센터 앞 주차장,공영,노외,경기도 안양시 만안구 박달로497번길 28,경기도 안양시 만안구 박달동 103-1,23,기타,미시행,평일+토요일+공휴일,00:00,23:59,30,0,,,,경기도 안양시,031-8045-5255,37.403642,126.907937,2026-04-17
209-2-000007,평촌지하 주차장,공영,노외,경기도 안양시 동안구 시민대로 238,경기도 안양시 동안구 관양동 1591-5(우)14067,793,3,미시행,평일,10:00,18:00,30,200,,,,경기도 안양시,031-8045-5255,37.392294,126.958038,2026-04-17
209-2-000006,호계3동 노외 주차장,공영,노외,경기도 안양시 동안구 흥안대로94번길 18,,43,2,미시행,평일,10:00,18:00,30,400,,,,경기도 안양시,031-8045-5255,37.368765,126.955553,2026-04-17
209-2-000005,스마트스퀘어지하 노외 주차장,공영,노외,경기도 안양시 동안구 부림로170번길 20,,170,2,미시행,평일+토요일+공휴일,09:00,18:00,30,400,,,,경기도 안양시,031-8045-5255,37.398722,126.964386,2026-04-17
209-2-000004,인덕원환승 주차장,공영,노외,경기도 안양시 동안구 안양판교로 23,,182,2,미시행,평일+토요일+공휴일,10:00,22:00,30,400,,,,경기도 안양시,031-8045-5255,37.400687,126.978495,2026-04-17
209-2-000023,구장터경로당 주차장,공영,노외,경기도 안양시 동안구 흥안대로94번길 23,경기도 안양시 동안구 호계동 970-12,6,기타,미시행,평일+토요일+공휴일,00:00,23:59,30,0,,,,경기도 안양시,031-8045-5255,37.368479,126.956052,2026-04-17
208-2-000040,율목복지회관 뒤 주차장,공영,노외,,경기도 안양시 만안구 안양동 971-6,11,기타,미시행,평일+토요일+공휴일,00:00,23:59,30,0,,,,경기도 안양시,031-8045-5255,37.392941,126.908130,2026-04-17
208-2-000039,양지초등학교 앞 주차장,공영,노외,경기도 안양시 만안구 병목안로 130번길69,,47,기타,미시행,평일+토요일+공휴일,00:00,23:59,30,0,,,,경기도 안양시,031-8045-5255,37.392245,126.904552,2026-04-17
208-2-000037,부흥파크 앞 주차장,공영,노외,,경기도 안양시 만안구 안양동 759-97,61,기타,미시행,평일+토요일+공휴일,00:00,23:59,30,0,,,,경기도 안양시,031-8045-5255,37.393665,126.910424,2026-04-17
208-2-000036,수리산교 하부 주차장,공영,노외,경기도 안양시 만안구 병목안로 392,,40,기타,미시행,평일+토요일+공휴일,00:00,23:59,30,0,,,,경기도 안양시,031-8045-5255,37.371784,126.904387,2026-04-17
208-2-000035,군용지 주차장,공영,노외,경기도 안양시 만안구 창박로41번길 34,,68,기타,미시행,평일+토요일+공휴일,00:00,23:59,30,0,,,,경기도 안양시,031-8045-5255,37.383090,126.901602,2026-04-17
208-2-000034,율목복지회관 주차장,공영,노외,경기도 안양시 만안구 병목안로130번길 172-30,,57,기타,미시행,평일+토요일+공휴일,00:00,23:59,30,0,,,,경기도 안양시,031-8045-5255,37.393163,126.908030,2026-04-17
208-2-000033,병목안옛길 주차장,공영,노외,경기도 안양시 만안구 병목안로156번길 24-24,경기도 안양시 만안구 안양동 1009-5,23,기타,미시행,평일+토요일+공휴일,00:00,23:59,30,0,,,,경기도 안양시,031-8045-5255,37.390812,126.908432,2026-04-17
209-1-000014,관악3노상 주차장,공영,노상,경기도 안양시 동안구 관악대로 479-2,경기도 안양시 동안구 관양동 107-3,42,1,미시행,평일,09:00,19:00,30,600,,,,경기도 안양시,031-8045-5255,37.403089,126.975724,2026-04-17
209-1-000013,관양2동복개 주차장,공영,노상,경기도 안양시 동안구 벌말로 174,,139,2,미시행,평일,09:00,18:00,30,400,,,,경기도 안양시,031-8045-5255,37.402242,126.971412,2026-04-17
209-1-000012,학원가노상 주차장,공영,노상,경기도 안양시 동안구 귀인로172번길 42,,27,2,미시행,평일+토요일,10:00,20:00,30,400,,,,경기도 안양시,031-8045-5255,37.382942,126.959054,2026-04-17
209-1-000011,먹거리촌노상 주차장,공영,노상,경기도 안양시 동안구 귀인로190번길 23,,45,2,미시행,평일+토요일,10:00,21:00,30,400,,,,경기도 안양시,031-8045-5255,37.384338,126.960806,2026-04-17
209-1-000010,범계역노상 주차장,공영,노상,경기도 안양시 동안구 평촌대로223번길 55,경기도 안양시 동안구 호계동 1046-5,168,1,미시행,평일+토요일+공휴일,09:00,22:00,30,600,,,,경기도 안양시,031-8045-5255,37.390241,126.952754,2026-04-17
209-1-000009,동안노상 주차장,공영,노상,경기도 안양시 동안구 평촌대로243번길 30,,95,1,미시행,평일,09:00,17:00,30,600,,,,경기도 안양시,031-8045-5255,37.392839,126.953040,2026-04-17
209-1-000008,시청앞노상 주차장,공영,노상,경기도 안양시 동안구 시민대로 230,경기도 안양시 동안구 관양동 1591,34,2,미시행,평일,10:00,18:00,30,400,,,,경기도 안양시,031-8045-5255,37.392332,126.956512,2026-04-17
209-1-000007,평촌역노상 주차장,공영,노상,경기도 안양시 동안구 관평로182번길 42,경기도 안양시 동안구 관양동 1604,71,1,미시행,평일+토요일,10:00,20:00,30,600,,,,경기도 안양시,031-8045-5255,37.393649,126.962660,2026-04-17
208-2-000029,안양공고 뒤 주차장,공영,노외,,경기도 안양시 만안구 안양동 910-10,5,기타,미시행,평일+토요일+공휴일,00:00,23:59,30,0,,,,경기도 안양시,031-8045-5255,37.398830,126.913129,2026-04-17
208-2-000028,안양3동노외 주차장,공영,노외,경기도 안양시 만안구 양화로25번길 24-5,경기도 안양시 만안구 안양동 964-5,47,기타,미시행,평일+토요일+공휴일,00:00,23:59,30,0,,,,경기도 안양시,031-8045-5255,37.3955995197,126.913219,2026-04-17
208-2-000027,서초교 옆 주차장,공영,노외,경기도 안양시 만안구 양화로37번길 23,,11,기타,미시행,평일+토요일+공휴일,00:00,23:59,30,0,,,,경기도 안양시,031-8045-5255,37.396556,126.912432,2026-04-17
208-2-000026,정우아파트옆 주차장,공영,노외,경기도 안양시 만안구 양화로 61,경기도 안양시 만안구 안양동 910-22,10,기타,미시행,평일+토요일+공휴일,00:00,23:59,30,0,,,,경기도 안양시,031-8045-5255,37.398920,126.912877,2026-04-17
208-2-000025,공원아파트 뒤 주차장,공영,노외,경기도 안양시 만안구 박달우회로150번길 41,,23,기타,미시행,평일+토요일+공휴일,00:00,23:59,30,0,,,,경기도 안양시,031-8045-5255,37.406218,126.912413,2026-04-17
208-2-000024,안양6동2 노외 주차장,공영,노외,경기도 안양시 만안구 안양로 186,,15,2,미시행,평일+토요일+공휴일,00:00,23:59,30,400,,,,경기도 안양시,031-8045-5255,37.390692,126.929122,2026-04-17
208-2-000023,안양6동1 노외 주차장,공영,노외,경기도 안양시 만안구 안양로 174,,30,2,미시행,평일,09:00,18:00,30,400,,,,경기도 안양시,031-8045-5255,37.389804,126.929820,2026-04-17
208-2-000044,김중업건축박물관 뒤 주차장,공영,노외,경기도 안양시 만안구 예술공원로103번길 4,경기도 안양시 만안구 석수동 214,56,기타,미시행,평일+토요일+공휴일,00:00,23:59,30,0,,,,경기도 안양시,031-8045-5255,37.418380,126.918319,2026-04-17
208-2-000043,한마음선원뒤 주차장,공영,노외,경기도 안양시 만안구 경수대로1290번길 30-14,경기도 안양시 만안구 석수동 101-65,22,기타,미시행,평일+토요일+공휴일,00:00,23:59,30,0,,,,경기도 안양시,031-8045-5255,37.422338,126.909473,2026-04-17
208-2-000042,대림아파트 뒤 주차장,공영,노외,경기도 안양시 만안구 만안로 369,경기도 안양시 만안구 안양동 817-25,77,기타,미시행,평일+토요일+공휴일,00:00,23:59,30,0,,,,경기도 안양시,031-8045-5255,37.411490,126.913689,2026-04-17
208-2-000041,청명리버빌 앞 주차장,공영,노외,,경기도 안양시 만안구 안양동 759-97,15,기타,미시행,평일+토요일+공휴일,00:00,23:59,30,0,,,,경기도 안양시,031-8045-5255,37.393665,126.910450,2026-04-17
209-2-000022,신기사거리 옆 주차장,공영,노외,,경기도 안양시 동안구 호계동 938,8,기타,미시행,평일+토요일+공휴일,00:00,23:59,30,0,,,,경기도 안양시,031-8045-5255,37.377873,126.954821,2026-04-17
208-2-000032,완충녹지 주차장 주차장,공영,노외,경기도 안양시 만안구 안양로68번길 19,경기도 안양시 만안구 안양동 347-13,24,기타,미시행,평일+토요일+공휴일,00:00,23:59,30,0,,,,경기도 안양시,031-8045-5255,37.382554,126.935765,2026-04-17
208-2-000031,안양테크노벨리 주차장,공영,노외,경기도 안양시 만안구 전파로24번길 35-24,,21,기타,미시행,평일+토요일+공휴일,00:00,23:59,30,0,,,,경기도 안양시,031-8045-5255,37.389026,126.936539,2026-04-17
208-2-000030,안양6동 주민센터 뒤 주차장,공영,노외,경기도 안양시 만안구 안양로170번길 23,,22,기타,미시행,평일+토요일+공휴일,00:00,23:59,30,0,,,,경기도 안양시,031-8045-5255,37.390073,126.930569,2026-04-17
208-1-000006,안양3동노상 주차장,공영,노상,경기도 안양시 만안구 안양로323번길 24,경기도 안양시 만안구 안양동 695-37,27,1,미시행,평일+토요일,10:00,18:00,30,600,,,,경기도 안양시,031-8045-5255,37.399985,126.918630,2026-04-17
208-1-000005,예술공원고가밑 주차장,공영,노상,경기도 안양시 만안구 경수대로 1175,,88,2,미시행,평일+토요일+공휴일,09:00,21:00,30,400,,,,경기도 안양시,031-8045-5255,37.415309,126.917020,2026-04-17
208-1-000004,박달고가밑 주차장,공영,노상,경기도 안양시 만안구 만안로 340,,56,2,미시행,평일+토요일,11:00,21:00,30,400,,,,경기도 안양시,031-8045-5255,37.409156,126.915848,2026-04-17
208-1-000003,안양역2노상 주차장,공영,노상,경기도 안양시 만안구 만안로 231,,24,1,미시행,평일+토요일+공휴일,10:00,22:00,30,600,,,,경기도 안양시,031-8045-5255,37.396261,126.920467,2026-04-17
208-1-000002,안양역1노상 주차장,공영,노상,경기도 안양시 만안구 만안로223번길 13,,54,1,미시행,평일+토요일+공휴일,10:00,22:00,30,600,,,,경기도 안양시,031-8045-5255,37.400587,126.921970,2026-04-17
208-1-000001,남부노상 주차장,공영,노상,경기도 안양시 만안구 만안로 171,,55,1,미시행,평일,10:00,18:00,30,600,,,,경기도 안양시,031-8045-5255,37.396723,126.926338,2026-04-17
208-2-000053,호현마을2 공영주차장,공영,노외,,경기도 안양시 만안구 박달동 815-4,62,5,미시행,평일,09:00,18:00,30,200,,,,경기도 안양시,031-8045-5255,37.406321,126.884022,2026-04-17
208-2-000052,호현마을1 공영주차장,공영,노외,,경기도 안양시 만안구 박달동 818,64,5,미시행,평일,09:00,18:00,30,200,,,,경기도 안양시,031-8045-5255,37.4059999155,126.883488,2026-04-17
208-2-000051,원스퀘어 임시공영 주차장,공영,노외,,경기도 안양시 만안구 안양동 668-29,75,기타,미시행,평일+토요일+공휴일,10:00,22:00,30,600,,,,경기도 안양시,031-8045-5255,37.400994,126.921391,2026-04-17
209-2-000024,호계3동노외 주차장,공영,노외,,"경기도 안양시 동안구 호계동 1006-4,5",41,기타,미시행,평일+토요일+공휴일,00:00,23:59,30,0,,,,경기도 안양시,031-8045-5255,37.368702,126.958851,2026-04-17
208-2-000012,관악역4환승 주차장,공영,노외,경기도 안양시 만안구 경수대로1273번길 25,,118,3,미시행,평일,09:00,17:00,30,200,,,,경기도 안양시,031-8045-5255,37.419812,126.908973,2026-04-17
208-2-000011,관악역3환승 주차장,공영,노외,경기도 안양시 만안구 경수대로1273번길 49,,96,3,미시행,평일,09:00,17:00,30,200,,,,경기도 안양시,031-8045-5255,37.418959,126.909725,2026-04-17
208-2-000010,병목안시민공원 주차장,공영,노외,경기도 안양시 만안구 병목안로 215,,170,3,미시행,평일+토요일+공휴일,09:00,21:00,30,200,,,,경기도 안양시,031-8045-5255,37.385292,126.907662,2026-04-17
208-2-000009,냉천놀이터 주차장,공영,노외,경기도 안양시 만안구 안양로263번길 31,,101,3,미시행,평일+토요일+공휴일,00:00,23:59,30,200,,,,경기도 안양시,031-8045-5255,37.395251,126.922045,2026-04-17
208-2-000008,삼덕공원지하 주차장,공영,노외,경기도 안양시 만안구 삼덕로 106,,194,2,미시행,평일+토요일+공휴일,10:00,20:00,30,400,,,,경기도 안양시,031-8045-5255,37.397387,126.916402,2026-04-17
208-2-000007,삼덕노외 주차장,공영,노외,경기도 안양시 만안구 안양로263번길 31,,91,2,미시행,평일+토요일+공휴일,10:00,20:00,30,400,,,,경기도 안양시,031-8045-5255,37.395251,126.922045,2026-04-17
208-2-000006,안양4동 노외 주차장,공영,노외,경기도 안양시 만안구 냉천로203번길 15,,149,2,미시행,평일+토요일,10:00,20:00,30,400,,,,경기도 안양시,031-8045-5255,37.397271,126.918516,2026-04-17
208-2-000005,개나리놀이터 주차장,공영,노외,경기도 안양시 만안구 안양로343번길 57-7,,56,4,미시행,평일+토요일+공휴일,00:00,23:59,30,200,,,,경기도 안양시,031-8045-5255,37.401510,126.915331,2026-04-17
208-2-000004,안양2동 노외 주차장,공영,노외,경기도 안양시 만안구 안양로384번길 50,,40,1,미시행,평일+토요일,09:00,19:00,30,600,,,,경기도 안양시,031-8045-5255,37.405082,126.917823,2026-04-17
208-2-000003,청원노외 주차장,공영,노외,경기도 안양시 만안구 안양로360번길 35,경기도 안양시 만안구 안양동 688-11,29,2,미시행,평일+토요일+공휴일,00:00,23:59,30,400,,,,경기도 안양시,031-8045-5255,37.404503,126.919194,2026-04-17
208-2-000002,남부노외 주차장,공영,노외,경기도 안양시 만안구 안양로248번길 13,,54,1,미시행,평일+토요일,08:00,18:00,30,600,,,,경기도 안양시,031-8045-5255,37.395591,126.925273,2026-04-17
208-2-000001,일번가노외 주차장,공영,노외,경기도 안양시 만안구 만안로 193-1,경기도 안양시 만안구 안양동 622-8,99,1,미시행,평일+토요일+공휴일,10:00,22:00,30,600,,,,경기도 안양시,031-8045-5255,37.398221,126.924903,2026-04-17
208-1-000016,명학역노상 주차장,공영,노상,경기도 안양시 만안구 덕천로 52,,87,2,미시행,평일,09:00,17:00,30,400,,,,경기도 안양시,031-8045-5255,37.385891,126.936294,2026-04-17
208-1-000015,삼봉노상 주차장,공영,노상,,경기도 안양시 만안구 박달동 850,28,2,미시행,평일,09:00,18:00,30,400,,,,경기도 안양시,031-8045-5255,37.399188,126.900075,2026-04-17
208-1-000014,석수역 좌우측 주차장,공영,노상,경기도 안양시 만안구 연현로 105,경기도 안양시 만안구 석수동 424,119,3,미시행,평일+토요일+공휴일,00:00,23:59,30,0,,,,경기도 안양시,031-8045-5255,37.433685,126.901917,2026-04-17
208-1-000013,삼막사노상 주차장,공영,노상,경기도 안양시 만안구 삼막로 155,,173,3,미시행,평일+토요일+공휴일,09:00,21:00,30,200,,,,경기도 안양시,031-8045-5255,37.435667,126.917068,2026-04-17
208-1-000012,박달시장노상 주차장,공영,노상,경기도 안양시 만안구 양화로 134,,10,2,미시행,평일+토요일,09:00,19:00,30,400,,,,경기도 안양시,031-8045-5255,37.404590,126.909477,2026-04-17
208-1-000011,덕천노상 주차장,공영,노상,경기도 안양시 만안구 덕천로 98,,42,2,미시행,평일,09:00,17:00,30,400,,,,경기도 안양시,031-8045-5255,37.389759,126.934457,2026-04-17
208-1-000010,문예노상 주차장,공영,노상,경기도 안양시 만안구 문예로 48,,54,1,미시행,평일,10:00,18:00,30,600,,,,경기도 안양시,031-8045-5255,37.385848,126.932950,2026-04-17
208-1-000008,수리산2노상 주차장,공영,노상,경기도 안양시 만안구 수리산로 52,,61,1,미시행,평일,10:00,18:00,30,600,,,,경기도 안양시,031-8045-5255,37.389034,126.931797,2026-04-17
208-1-000007,수리산1노상 주차장,공영,노상,경기도 안양시 만안구 수리산로 31,,32,1,미시행,평일,10:00,18:00,30,600,,,,경기도 안양시,031-8045-5255,37.388374,126.929610,2026-04-17
208-2-000055,(구)농림축산검역본부 노외 주차장2,공영,노외,경기도 안양시 만안구 안양로 175,경기도 안양시 만안구 안양동 480,94,3,미시행,평일,09:00,20:00,30,200,,,,경기도 안양시,031-8045-5255,37.388964,126.928111,2026-04-17
208-2-000054,(구)농림축산검역본부 노외 주차장1,공영,노외,경기도 안양시 만안구 안양로 175,경기도 안양시 만안구 안양동 480,173,3,미시행,평일,09:00,20:00,30,200,,,,경기도 안양시,031-8045-5255,37.388964,126.928111,2026-04-17
209-2-000021,호원어린이공원 노외 주차장,공영,노외,,경기도 안양시 동안구 호계동 1300,30,기타,미시행,평일+토요일+공휴일,00:00,23:59,30,0,,,,경기도 안양시,031-8045-5255,37.377449,126.954074,2026-04-17
209-2-000020,신기사거리 고가 밑 주차장,공영,노외,,경기도 안양시 동안구 호계동 936-3,16,기타,미시행,평일+토요일+공휴일,00:00,23:59,30,0,,,,경기도 안양시,031-8045-5255,37.378213,126.953892,2026-04-17
209-2-000019,범계성당옆 주차장,공영,노외,경기도 안양시 동안구 경수대로 725,경기도 안양시 동안구 호계동 917-10,27,기타,미시행,평일+토요일+공휴일,00:00,23:59,30,0,,,,경기도 안양시,031-8045-5255,37.386345,126.950230,2026-04-17
208-2-000022,안양7동 노외 주차장,공영,노외,,경기도 안양시 만안구 안양동 212-3,133,2,미시행,평일+토요일+공휴일,09:00,17:00,30,400,,,,경기도 안양시,031-8045-5255,37.390747,126.933714,2026-04-17
208-2-000021,박달시장2 노외 주차장,공영,노외,,경기도 안양시 만안구 박달동 72-22,61,2,미시행,평일+토요일,09:00,19:00,30,400,,,,경기도 안양시,031-8045-5255,37.403321,126.912547,2026-04-17
208-2-000020,박달시장노외 주차장,공영,노외,경기도 안양시 만안구 양화로 134,경기도 안양시 만안구 박달동 21-16,18,2,미시행,평일+토요일,09:00,19:00,30,400,,,,경기도 안양시,031-8045-5255,37.404590,126.909477,2026-04-17
208-2-000019,석수3동 충훈공영 주차장,공영,노외,경기도 안양시 만안구 충훈로90번길 36,,94,3,미시행,평일,09:00,18:00,30,200,,,,경기도 안양시,031-8045-5255,37.409197,126.899406,2026-04-17
208-2-000018,석수대형화물 주차장,공영,노외,경기도 안양시 만안구 석수로 238,,74,2,미시행,평일+토요일+공휴일,00:00,23:59,30,400,,,,경기도 안양시,031-8045-5255,37.410881,126.893191,2026-04-17
208-2-000017,관악역2환승 주차장,공영,노외,경기도 안양시 만안구 만안로 461,,46,3,미시행,평일,09:00,17:00,30,200,,,,경기도 안양시,031-8045-5255,37.418639,126.908756,2026-04-17
208-2-000016,관악역1환승 주차장,공영,노외,경기도 안양시 만안구 만안로 471,,44,3,미시행,평일+토요일+공휴일,00:00,23:59,30,200,,,,경기도 안양시,031-8045-5255,37.419339,126.908208,2026-04-17
208-2-000015,화창초교 주차장,공영,노외,경기도 안양시 만안구 양화로217번길 30,,109,4,미시행,평일+토요일+공휴일,00:00,23:59,30,200,,,,경기도 안양시,031-8045-5255,37.412127,126.903519,2026-04-17
208-2-000014,수목원입구노외 주차장,공영,노외,경기도 안양시 만안구 예술공원로 251,,44,2,미시행,평일+토요일+공휴일,09:00,21:00,30,400,,,,경기도 안양시,031-8045-5255,37.418649,126.932895,2026-04-17
208-2-000013,예술공원노외 주차장,공영,노외,경기도 안양시 만안구 예술공원로 131,,168,2,미시행,평일+토요일+공휴일,09:00,21:00,30,400,,,,경기도 안양시,031-8045-5255,37.419063,126.919771,2026-04-17
209-2-000002,관양2동 노외 주차장,공영,노외,경기도 안양시 동안구 흥안대로507번길 32,경기도 안양시 동안구 관양동 1496-7,203,3,미시행,평일,09:00,20:00,30,200,,,,경기도 안양시,031-8045-5255,37.399230,126.975011,2026-04-17
209-2-000001,해동놀이터 주차장,공영,노외,경기도 안양시 동안구 관악대로287번길 104-22,,76,4,미시행,평일+토요일+공휴일,00:00,23:59,30,200,,,,경기도 안양시,031-8045-5255,37.407419,126.956132,2026-04-17
209-2-000018,더샵아이파크 옆 노외 주차장,공영,노외,경기도 안양시 동안구 경수대로610번길36,,22,기타,미시행,평일+토요일+공휴일,00:00,23:59,30,0,,,,경기도 안양시,031-8045-5255,37.376985,126.957199,2026-04-17
209-2-000017,느루소공원 지하 주차장,공영,노외,,경기도 안양시 동안구 호계동 954-4,44,4,미시행,평일,09:00,18:00,30,200,,,,경기도 안양시,031-8045-5255,37.373289,126.954235,2026-04-17
209-2-000016,충의 주차장,공영,노외,,경기도 안양시 동안구 비산동 1171,20,기타,미시행,평일+토요일+공휴일,00:00,23:59,30,0,,,,경기도 안양시,031-8045-5255,37.407130,126.951474,2026-04-17
209-2-000015,운동장파출소 뒤 주차장,공영,노외,경기도 안양시 동안구 평촌대로374번길 16,경기도 안양시 동안구 비산동 1032-6,27,기타,미시행,평일+토요일+공휴일,00:00,23:59,30,0,,,,경기도 안양시,031-8045-5255,37.403842,126.950531,2026-04-17
209-2-000014,인덕원 주차장,공영,노외,,경기도 안양시 동안구 관양동 1510-4,15,기타,미시행,평일+토요일+공휴일,00:00,23:59,30,0,,,,경기도 안양시,031-8045-5255,37.398041,126.978644,2026-04-17
209-2-000013,중촌경로당 주차장,공영,노외,경기도 안양시 동안구 관악대로359번길 20-22,,33,기타,미시행,평일+토요일+공휴일,00:00,23:59,30,0,,,,경기도 안양시,031-8045-5255,37.405281,126.963752,2026-04-17
209-2-000012,"비호교복개 1,2 노외 주차장",공영,노외,,경기도 안양시 동안구 호계동 1009,42,2,미시행,평일,09:00,19:00,30,400,,,,경기도 안양시,031-8045-5255,37.392049,126.942526,2026-04-17
209-2-000011,먹거리촌노외 주차장,공영,노외,경기도 안양시 동안구 평촌대로 102,,12,2,미시행,평일+토요일,10:00,21:00,30,400,,,,경기도 안양시,031-8045-5255,37.381575,126.961642,2026-04-17
209-2-000010,관양1동 주차타워 주차장,공영,노외,경기도 안양시 동안구 관평로358번길 30,경기도 안양시 동안구 관양동 1407-12,238,3,미시행,평일,09:00,18:00,30,200,,,,경기도 안양시,031-8045-5255,37.406432,126.961088,2026-04-17
209-2-000009,동편마을 지하 주차장,공영,노외,경기도 안양시 동안구 동편로39번길 13,경기도 안양시 동안구 관양동 1712-1,163,3,미시행,평일,09:00,18:00,30,200,,,,경기도 안양시,031-8045-5255,37.407889,126.972434,2026-04-17
209-2-000008,샘모루초교 주차장,공영,노외,경기도 안양시 동안구 관악대로 155,,57,3,미시행,평일+토요일,09:00,20:00,30,200,,,,경기도 안양시,031-8045-5255,37.399650,126.940857,2026-04-17
