정류장번호,정류장명,위도,경도,정보수집일,모바일단축번호,도시코드,도시명,관리도시명
GGB208000333,어린이집,37.3930667,126.9143667,2025-10-31,9297.0,31040,경기도 안양시,경기BIS
GGB208000334,어린이집,37.3932,126.9142333,2025-10-31,9298.0,31040,경기도 안양시,경기BIS
GGB208000335,흥화아파트,37.3937333,126.9151667,2025-10-31,9299.0,31040,경기도 안양시,경기BIS
GGB208000336,흥화아파트,37.39385,126.9153,2025-10-31,9300.0,31040,경기도 안양시,경기BIS
GGB208000337,청수약국사거리,37.3953,126.9186167,2025-10-31,9301.0,31040,경기도 안양시,경기BIS
GGB208000338,안양4동행정복지센터,37.3954833,126.9185833,2025-10-31,9302.0,31040,경기도 안양시,경기BIS
GGB208000339,천주교중앙성당,37.3960333,126.92,2025-10-31,9303.0,31040,경기도 안양시,경기BIS
GGB208000340,안양4동,37.3962167,126.91995,2025-10-31,9304.0,31040,경기도 안양시,경기BIS
GGB208000341,중앙시장.부림저축은행,37.39695,126.92175,2025-10-31,9305.0,31040,경기도 안양시,경기BIS
GGB208000342,중앙시장,37.3966167,126.92075,2025-10-31,9306.0,31040,경기도 안양시,경기BIS
GGB208000343,안양1번가.남부시장앞,37.39765,126.9230333,2025-10-31,9307.0,31040,경기도 안양시,경기BIS
GGB208000344,안양1번가.남부시장입구,37.3979333,126.9232167,2025-10-31,9308.0,31040,경기도 안양시,경기BIS
GGB208000345,안양1동행정복지센터.푸르지오더샵,37.3998833,126.9275333,2025-10-31,9309.0,31040,경기도 안양시,경기BIS
GGB208000346,안양지하차도,37.4000667,126.9273667,2025-10-31,9310.0,31040,경기도 안양시,경기BIS
GGB208000347,주공뜨란체아파트,37.4001333,126.9245167,2025-10-31,9311.0,31040,경기도 안양시,경기BIS
GGB208000348,주공뜨란체아파트,37.4002333,126.9242833,2025-10-31,9312.0,31040,경기도 안양시,경기BIS
GGB208000349,안양역.삼성래미안,37.4014667,126.9236,2025-10-31,9313.0,31040,경기도 안양시,경기BIS
GGB208000350,안양역후문,37.4018,126.92315,2025-10-31,9314.0,31040,경기도 안양시,경기BIS
GGB208000351,경남아너스빌.한양수자인,37.4059,126.92015,2025-10-31,9315.0,31040,경기도 안양시,경기BIS
GGB208000352,경남아너스빌,37.4054333,126.9201333,2025-10-31,9316.0,31040,경기도 안양시,경기BIS
GGB208000353,양명고.양명여고.대우아파트,37.4066,126.9213833,2025-10-31,9317.0,31040,경기도 안양시,경기BIS
GGB208000354,양명고등학교.대우아파트,37.4065167,126.92125,2025-10-31,9318.0,31040,경기도 안양시,경기BIS
GGB208000355,만안초등학교,37.4064333,126.9177,2025-10-31,9319.0,31040,경기도 안양시,경기BIS
GGB208000356,안양2동행정복지센터,37.4049667,126.9192,2025-10-31,9320.0,31040,경기도 안양시,경기BIS
GGB208000357,안양교남단,37.4079833,126.9164333,2025-10-31,9321.0,31040,경기도 안양시,경기BIS
GGB208000358,안양교남단,37.4083667,126.9163833,2025-10-31,9322.0,31040,경기도 안양시,경기BIS
GGB208000359,영화아파트,37.4109167,126.9141,2025-10-31,9323.0,31040,경기도 안양시,경기BIS
GGB208000360,영화아파트,37.4109833,126.9143,2025-10-31,9324.0,31040,경기도 안양시,경기BIS
GGB208000361,만안교,37.41445,126.91215,2025-10-31,9325.0,31040,경기도 안양시,경기BIS
GGB208000362,석수교회,37.4162167,126.9107667,2025-10-31,9326.0,31040,경기도 안양시,경기BIS
GGB208000363,안양박물관.김중업건축박물관,37.4175833,126.91805,2025-10-31,9327.0,31040,경기도 안양시,경기BIS
GGB208000364,안양박물관.김중업건축박물관.아르테자이정문,37.4174833,126.91815,2025-10-31,9328.0,31040,경기도 안양시,경기BIS
GGB208000365,안양예술공원종점.갈메산기도원입구,37.4189667,126.9204333,2025-10-31,9329.0,31040,경기도 안양시,경기BIS
GGB208000366,육군7688부대,37.3928667,126.8910833,2025-10-31,9330.0,31040,경기도 안양시,경기BIS
GGB208000367,금호아파트,37.3995,126.9001667,2025-10-31,9331.0,31040,경기도 안양시,경기BIS
GGB208000368,열린문교회,37.4013167,126.905,2025-10-31,9332.0,31040,경기도 안양시,경기BIS
GGB208000369,1580부대서조레스텔,37.3982833,126.8989333,2025-10-31,9333.0,31040,경기도 안양시,경기BIS
GGB208000370,1580부대서조레스텔,37.3981833,126.899,2025-10-31,9334.0,31040,경기도 안양시,경기BIS
GGB208000371,우성아파트,37.4011333,126.90815,2025-10-31,9335.0,31040,경기도 안양시,경기BIS
GGB208000372,우성아파트,37.40125,126.9083333,2025-10-31,9336.0,31040,경기도 안양시,경기BIS
GGB208000373,진흥아파트,37.40005,126.9109833,2025-10-31,9337.0,31040,경기도 안양시,경기BIS
GGB208000374,진흥아파트,37.39995,126.9110333,2025-10-31,9338.0,31040,경기도 안양시,경기BIS
GGB208000375,신성중학교.씨엘포레자이아파트,37.38865,126.9243167,2025-10-31,9341.0,31040,경기도 안양시,경기BIS
GGB208000376,안양119안전센터,37.38995,126.9255167,2025-10-31,9342.0,31040,경기도 안양시,경기BIS
GGB208000377,안양대교(마을),37.4103667,126.9144333,2025-10-31,9343.0,31040,경기도 안양시,경기BIS
GGB208000378,안양대교(마을),37.41045,126.9146167,2025-10-31,9344.0,31040,경기도 안양시,경기BIS
GGB208000379,래미안메가트리아1단지,37.39645,126.9325167,2025-10-31,9345.0,31040,경기도 안양시,경기BIS
GGB208000380,석수동버스공영차고지,37.4194,126.8947833,2025-10-31,9015.0,31040,경기도 안양시,경기BIS
GGB208000381,석수동버스공영차고지,37.4196333,126.8948167,2025-10-31,9017.0,31040,경기도 안양시,경기BIS
GGB208000382,서초빌라,37.4045333,126.89915,2025-10-31,9348.0,31040,경기도 안양시,경기BIS
GGB208000383,안양8동행정복지센터,37.3831667,126.93135,2025-10-31,9349.0,31040,경기도 안양시,경기BIS
GGB208000384,호현마을.박달주유소,37.40375,126.8850167,2025-10-31,9350.0,31040,경기도 안양시,경기BIS
GGB209000002,대림대학,37.4014,126.92815,2025-10-31,10001.0,31040,경기도 안양시,경기BIS
GGB209000003,대림대학,37.4011167,126.9292667,2025-10-31,10002.0,31040,경기도 안양시,경기BIS
GGB209000004,덕고개사거리,37.3729,126.9659,2025-10-31,10199.0,31040,경기도 안양시,경기BIS
GGB209000005,평촌센텀퍼스트,37.3716667,126.9625,2025-10-31,10120.0,31040,경기도 안양시,경기BIS
GGB209000006,호계사거리,37.3704,126.9593167,2025-10-31,10105.0,31040,경기도 안양시,경기BIS
GGB209000007,서안이노빌.평촌어바인퍼스트,37.36955,126.9559667,2025-10-31,10086.0,31040,경기도 안양시,경기BIS
GGB209000008,유통단지사거리,37.3685833,126.9541333,2025-10-31,10068.0,31040,경기도 안양시,경기BIS
GGB209000009,유통단지사거리,37.36825,126.95415,2025-10-31,10069.0,31040,경기도 안양시,경기BIS
GGB209000010,평촌어바인퍼스트아파트,37.3699,126.9558167,2025-10-31,10083.0,31040,경기도 안양시,경기BIS
GGB209000011,호계사거리,37.3709667,126.9596667,2025-10-31,10106.0,31040,경기도 안양시,경기BIS
GGB209000012,덕고개사거리,37.3725,126.9635,2025-10-31,10128.0,31040,경기도 안양시,경기BIS
GGB209000013,샘마을단지.대안중.대안여중,37.3748167,126.9670833,2025-10-31,10200.0,31040,경기도 안양시,경기BIS
GGB209000014,안양남초등학교,37.3790667,126.97015,2025-10-31,10157.0,31040,경기도 안양시,경기BIS
GGB209000015,내촌마을,37.3853333,126.951,2025-10-31,10056.0,31040,경기도 안양시,경기BIS
GGB209000016,범계사거리,37.3882333,126.9487667,2025-10-31,10039.0,31040,경기도 안양시,경기BIS
GGB209000017,범계역(중),37.3895,126.95175,2025-10-31,10060.0,31040,경기도 안양시,경기BIS
GGB209000018,범계사거리,37.3885333,126.9491667,2025-10-31,10040.0,31040,경기도 안양시,경기BIS
GGB209000019,동편수변공원앞,37.4063667,126.9699833,2025-10-31,10058.0,31040,경기도 안양시,경기BIS
GGB209000020,무궁화한양아파트.방축사거리,37.3819667,126.95345,2025-10-31,10065.0,31040,경기도 안양시,경기BIS
GGB209000021,무궁화코오롱.건영아파트,37.37935,126.9548667,2025-10-31,10074.0,31040,경기도 안양시,경기BIS
GGB209000022,무궁화태영아파트.평촌더샵아이파크,37.37755,126.9558167,2025-10-31,10080.0,31040,경기도 안양시,경기BIS
GGB209000023,호계종합시장.평촌센텀퍼스트,37.3740333,126.9576,2025-10-31,10093.0,31040,경기도 안양시,경기BIS
GGB209000024,호계사거리.호계전통시장.윌스기념병원,37.3716667,126.9580833,2025-10-31,10097.0,31040,경기도 안양시,경기BIS
GGB209000025,호계3동행정복지센터,37.3672333,126.9584833,2025-10-31,10100.0,31040,경기도 안양시,경기BIS
GGB209000026,호계현대홈타운.e편한세상아파트,37.3627833,126.9612,2025-10-31,10111.0,31040,경기도 안양시,경기BIS
GGB209000027,농수산물시장.포일단지입구,37.3830667,126.9720667,2025-10-31,10159.0,31040,경기도 안양시,경기BIS
GGB209000028,민백마을,37.3870667,126.9724167,2025-10-31,10161.0,31040,경기도 안양시,경기BIS
GGB209000029,오뚜기식품.두산벤처다임,37.3918667,126.9739833,2025-10-31,10164.0,31040,경기도 안양시,경기BIS
GGB209000030,인덕원역AK밸리.플러스아울렛,37.3952167,126.97545,2025-10-31,10170.0,31040,경기도 안양시,경기BIS
GGB209000031,인덕원역4번출구,37.4008833,126.9764333,2025-10-31,10175.0,31040,경기도 안양시,경기BIS
GGB209000032,인덕원역7번출구,37.4028167,126.9751,2025-10-31,10171.0,31040,경기도 안양시,경기BIS
GGB209000033,더샵센트럴시티정문,37.4002833,126.96475,2025-10-31,10365.0,31040,경기도 안양시,경기BIS
GGB209000034,인덕원역4호선.인덕원성당,37.4035167,126.9738833,2025-10-31,10166.0,31040,경기도 안양시,경기BIS
GGB209000035,부림마을.인덕원동행정복지센터,37.40455,126.96995,2025-10-31,10156.0,31040,경기도 안양시,경기BIS
GGB209000036,중촌마을.동안치매안심센터,37.4042833,126.9655833,2025-10-31,10139.0,31040,경기도 안양시,경기BIS
GGB209000037,관양중학교,37.4034167,126.96055,2025-10-31,10107.0,31040,경기도 안양시,경기BIS
GGB209000038,수촌마을,37.4023667,126.9547833,2025-10-31,10072.0,31040,경기도 안양시,경기BIS
GGB209000039,종합운동장,37.4017,126.9511833,2025-10-31,10055.0,31040,경기도 안양시,경기BIS
GGB209000040,삼호아파트.평촌우리병원,37.4007333,126.9482167,2025-10-31,10035.0,31040,경기도 안양시,경기BIS
GGB209000041,미륭아파트,37.3986833,126.94265,2025-10-31,10014.0,31040,경기도 안양시,경기BIS
GGB209000042,비산롯데캐슬.평촌래미안푸르지오,37.3986333,126.9388167,2025-10-31,10009.0,31040,경기도 안양시,경기BIS
GGB209000043,비산사거리.이마트,37.39865,126.93635,2025-10-31,10005.0,31040,경기도 안양시,경기BIS
GGB209000044,비산농협,37.3979333,126.93265,2025-10-31,10003.0,31040,경기도 안양시,경기BIS
GGB209000045,비산사거리.이마트,37.399,126.9358,2025-10-31,10004.0,31040,경기도 안양시,경기BIS
GGB209000046,삼성래미안아파트,37.39905,126.9384333,2025-10-31,10007.0,31040,경기도 안양시,경기BIS
GGB209000047,동양월드타워,37.3990833,126.9443333,2025-10-31,10017.0,31040,경기도 안양시,경기BIS
GGB209000048,삼호아파트.평촌우리병원,37.4008833,126.9475667,2025-10-31,10034.0,31040,경기도 안양시,경기BIS
GGB209000049,종합운동장,37.4022833,126.9513667,2025-10-31,10059.0,31040,경기도 안양시,경기BIS
GGB209000050,수촌마을,37.4030167,126.9554167,2025-10-31,10076.0,31040,경기도 안양시,경기BIS
GGB209000051,관양중학교,37.4040667,126.9611833,2025-10-31,10112.0,31040,경기도 안양시,경기BIS
GGB209000052,중촌마을.동안치매안심센터,37.4048,126.9654667,2025-10-31,10140.0,31040,경기도 안양시,경기BIS
GGB209000053,평촌차고지,37.3974833,126.9691667,2025-10-31,10162.0,31040,경기도 안양시,경기BIS
GGB209000054,평촌역,37.3947167,126.96465,2025-10-31,10133.0,31040,경기도 안양시,경기BIS
GGB209000055,평안동행정복지센터.동안고등학교,37.3901667,126.9647333,2025-10-31,10135.0,31040,경기도 안양시,경기BIS
GGB209000056,초원성원아파트,37.3897167,126.9634333,2025-10-31,10130.0,31040,경기도 안양시,경기BIS
GGB209000057,초원대림아파트,37.3875,126.9634333,2025-10-31,10127.0,31040,경기도 안양시,경기BIS
GGB209000058,현대아파트,37.3859667,126.96265,2025-10-31,10121.0,31040,경기도 안양시,경기BIS
GGB209000059,무궁화금호아파트,37.3837667,126.9560333,2025-10-31,10085.0,31040,경기도 안양시,경기BIS
GGB209000060,은하수청구아파트,37.3921667,126.9463,2025-10-31,10026.0,31040,경기도 안양시,경기BIS
GGB209000061,부흥초교.부흥중학교,37.394,126.9468333,2025-10-31,10029.0,31040,경기도 안양시,경기BIS
GGB209000062,샛별단지,37.3961667,126.95075,2025-10-31,10052.0,31040,경기도 안양시,경기BIS
GGB209000063,부림중.부안초.한가람단지,37.3977833,126.9554667,2025-10-31,10081.0,31040,경기도 안양시,경기BIS
GGB209000064,한가람삼성아파트,37.4001,126.9564667,2025-10-31,10088.0,31040,경기도 안양시,경기BIS
GGB209000065,공작마을럭키아파트,37.4002667,126.9568833,2025-10-31,10091.0,31040,경기도 안양시,경기BIS
GGB209000066,부림중.부안초.한가람단지,37.39755,126.95545,2025-10-31,10079.0,31040,경기도 안양시,경기BIS
GGB209000067,샛별한양아파트,37.39595,126.9509,2025-10-31,10053.0,31040,경기도 안양시,경기BIS
GGB209000068,부흥동행정복지센터,37.3935,126.9466667,2025-10-31,10027.0,31040,경기도 안양시,경기BIS
GGB209000069,은하수벽산아파트,37.3919333,126.94705,2025-10-31,10031.0,31040,경기도 안양시,경기BIS
GGB209000070,목련우성아파트,37.38455,126.9572333,2025-10-31,10092.0,31040,경기도 안양시,경기BIS
GGB209000071,향촌현대아파트,37.3859833,126.9615833,2025-10-31,10115.0,31040,경기도 안양시,경기BIS
GGB209000072,향촌현대아파트,37.3874833,126.963,2025-10-31,10125.0,31040,경기도 안양시,경기BIS
GGB209000073,초원세경아파트,37.3897167,126.9627333,2025-10-31,10123.0,31040,경기도 안양시,경기BIS
GGB209000074,평안동행정복지센터,37.3905,126.9650167,2025-10-31,10138.0,31040,경기도 안양시,경기BIS
GGB209000075,평촌역,37.3942667,126.9645833,2025-10-31,10132.0,31040,경기도 안양시,경기BIS
GGB209000076,평촌차고지,37.3975167,126.9692667,2025-10-31,10160.0,31040,경기도 안양시,경기BIS
GGB209000077,안양국제유통단지,37.3708667,126.9503167,2025-10-31,10051.0,31040,경기도 안양시,경기BIS
GGB209000078,안양국제유통단지,37.3712167,126.9503833,2025-10-31,10048.0,31040,경기도 안양시,경기BIS
GGB209000079,호계구사거리,37.3675333,126.95545,2025-10-31,10075.0,31040,경기도 안양시,경기BIS
GGB209000080,평촌센텀퍼스트,37.3719,126.9621333,2025-10-31,10118.0,31040,경기도 안양시,경기BIS
GGB209000081,경기게임마이스터고등학교,37.3974333,126.9468833,2025-10-31,10030.0,31040,경기도 안양시,경기BIS
GGB209000082,동안구청.달안초등학교.홈플러스,37.3933,126.9499333,2025-10-31,10045.0,31040,경기도 안양시,경기BIS
GGB209000083,목련선경아파트,37.3885333,126.9525,2025-10-31,10063.0,31040,경기도 안양시,경기BIS
GGB209000084,범계중학교,37.38465,126.9546,2025-10-31,10073.0,31040,경기도 안양시,경기BIS
GGB209000085,무궁화금호아파트,37.3823,126.9558333,2025-10-31,10084.0,31040,경기도 안양시,경기BIS
GGB209000086,무궁화진흥아파트,37.3806333,126.95675,2025-10-31,10089.0,31040,경기도 안양시,경기BIS
GGB209000087,무궁화코오롱.건영아파트,37.3808333,126.95635,2025-10-31,10087.0,31040,경기도 안양시,경기BIS
GGB209000088,무궁화효성한양아파트,37.38215,126.9556167,2025-10-31,10082.0,31040,경기도 안양시,경기BIS
GGB209000089,범계중학교,37.3845833,126.9542833,2025-10-31,10070.0,31040,경기도 안양시,경기BIS
GGB209000090,목련선경아파트,37.3883167,126.9523,2025-10-31,10062.0,31040,경기도 안양시,경기BIS
GGB209000091,동안구청.달안초등학교.홈플러스,37.3930833,126.9497333,2025-10-31,10044.0,31040,경기도 안양시,경기BIS
GGB209000092,경기게임마이스터고등학교,37.3971167,126.9467,2025-10-31,10028.0,31040,경기도 안양시,경기BIS
GGB209000093,안양우편물류센터,37.3884167,126.9470667,2025-10-31,10033.0,31040,경기도 안양시,경기BIS
GGB209000094,동안경찰서.범계역,37.3906667,126.9496667,2025-10-31,10046.0,31040,경기도 안양시,경기BIS
GGB209000095,범계역,37.3896167,126.9519167,2025-10-31,10061.0,31040,경기도 안양시,경기BIS
GGB209000096,봄빛병원,37.3902167,126.9549667,2025-10-31,10077.0,31040,경기도 안양시,경기BIS
GGB209000097,안양시청,37.39395,126.95865,2025-10-31,10090.0,31040,경기도 안양시,경기BIS
GGB209000098,법원검찰청.평촌역,37.3955,126.9631667,2025-10-31,10126.0,31040,경기도 안양시,경기BIS
GGB209000099,안양시자원회수시설,37.39615,126.9683,2025-10-31,10150.0,31040,경기도 안양시,경기BIS
GGB209000100,대륭테크노타운,37.3966667,126.97485,2025-10-31,10167.0,31040,경기도 안양시,경기BIS
GGB209000101,평촌동행정복지센터.벌말경로당,37.39435,126.9773333,2025-10-31,10178.0,31040,경기도 안양시,경기BIS
GGB209000102,인덕원센트럴푸르지오.래미안더포인트아파트,37.3939333,126.97875,2025-10-31,10183.0,31040,경기도 안양시,경기BIS
GGB209000103,래미안인덕원더포인트.센트럴푸르지오아파트,37.3937333,126.9786667,2025-10-31,10182.0,31040,경기도 안양시,경기BIS
GGB209000104,평촌동행정복지센터.벌말경로당,37.3942167,126.9771833,2025-10-31,10176.0,31040,경기도 안양시,경기BIS
GGB209000105,한국교통안전공단안양검사소,37.3963,126.9744,2025-10-31,10165.0,31040,경기도 안양시,경기BIS
GGB209000106,안양시자원회수시설,37.3957833,126.9683333,2025-10-31,10149.0,31040,경기도 안양시,경기BIS
GGB209000107,법원검찰청.평촌역,37.3948,126.9624167,2025-10-31,10122.0,31040,경기도 안양시,경기BIS
GGB209000108,안양시청,37.39315,126.95765,2025-10-31,10095.0,31040,경기도 안양시,경기BIS
GGB209000109,문화의거리,37.3916,126.9530667,2025-10-31,10067.0,31040,경기도 안양시,경기BIS
GGB209000110,안양우편물류센터,37.3881167,126.9472,2025-10-31,10032.0,31040,경기도 안양시,경기BIS
GGB209000111,인덕원초교.삼성아파트,37.3979333,126.9772667,2025-10-31,10179.0,31040,경기도 안양시,경기BIS
GGB209000112,평촌동행정복지센터.e편한세상아파트,37.39525,126.9760333,2025-10-31,10174.0,31040,경기도 안양시,경기BIS
GGB209000113,나눔초등학교.오뚜기식품.두산번체다임,37.39185,126.9745667,2025-10-31,10168.0,31040,경기도 안양시,경기BIS
GGB209000114,민백마을,37.3874167,126.9730167,2025-10-31,10163.0,31040,경기도 안양시,경기BIS
GGB209000115,부림마을,37.40505,126.9693833,2025-10-31,10154.0,31040,경기도 안양시,경기BIS
GGB209000116,인덕원역8번출구,37.4031333,126.9756167,2025-10-31,10173.0,31040,경기도 안양시,경기BIS
GGB209000117,경원여객안양차고지,37.3867333,126.9448667,2025-10-31,10018.0,31040,경기도 안양시,경기BIS
GGB209000118,효성티앤씨.진영레미콘,37.3849667,126.9432167,2025-10-31,10016.0,31040,경기도 안양시,경기BIS
GGB209000119,효성티앤씨.진영레미콘,37.3851833,126.94295,2025-10-31,10015.0,31040,경기도 안양시,경기BIS
GGB209000120,경원여객안양차고지,37.38655,126.9446167,2025-10-31,10019.0,31040,경기도 안양시,경기BIS
GGB209000121,한성병원.호계3동행정복지센터,37.3687167,126.9577833,2025-10-31,10098.0,31040,경기도 안양시,경기BIS
GGB209000122,호계사거리.호계전통시장.평촌어바인퍼스트1단지,37.37115,126.9575833,2025-10-31,10096.0,31040,경기도 안양시,경기BIS
GGB209000123,윌스기념병원.평촌어바인퍼스트정문,37.3733,126.9573333,2025-10-31,10094.0,31040,경기도 안양시,경기BIS
GGB209000124,평촌어바인퍼스트2단지.무궁화태영아파트,37.3773167,126.9553167,2025-10-31,10078.0,31040,경기도 안양시,경기BIS
GGB209000125,호계중학교.평촌트리지아3단지,37.3787167,126.9545667,2025-10-31,10071.0,31040,경기도 안양시,경기BIS
GGB209000126,평촌트리지아2단지.방축사거리,37.3820167,126.9527833,2025-10-31,10064.0,31040,경기도 안양시,경기BIS
GGB209000128,평촌시립도서관,37.3965333,126.9580833,2025-10-31,10099.0,31040,경기도 안양시,경기BIS
GGB209000129,농수산물시장,37.3812167,126.9675667,2025-10-31,10147.0,31040,경기도 안양시,경기BIS
GGB209000130,중앙공원,37.3908333,126.9611833,2025-10-31,10110.0,31040,경기도 안양시,경기BIS
GGB209000131,동안구청,37.3920333,126.9531,2025-10-31,10066.0,31040,경기도 안양시,경기BIS
GGB209000132,한림대병원후문,37.39115,126.9614333,2025-10-31,10113.0,31040,경기도 안양시,경기BIS
GGB209000133,농수산물시장,37.3819333,126.9679,2025-10-31,10148.0,31040,경기도 안양시,경기BIS
GGB209000134,부흥고등학교,37.3916833,126.9452,2025-10-31,10020.0,31040,경기도 안양시,경기BIS
GGB209000135,롯데백화점.범계역,37.3903,126.9500333,2025-10-31,10047.0,31040,경기도 안양시,경기BIS
GGB209000136,평촌시립도서관,37.3964167,126.9585667,2025-10-31,10101.0,31040,경기도 안양시,경기BIS
GGB209000137,법원검찰청.안양과천교육지원청,37.3951667,126.9592667,2025-10-31,10103.0,31040,경기도 안양시,경기BIS
GGB209000138,서호전기,37.38645,126.94195,2025-10-31,10373.0,31040,경기도 안양시,경기BIS
GGB209000139,서호전기,37.38655,126.94205,2025-10-31,10374.0,31040,경기도 안양시,경기BIS
GGB209000140,호계2동자율방범대앞,37.3858667,126.9462833,2025-10-31,10375.0,31040,경기도 안양시,경기BIS
GGB209000141,호계2동자율방범대앞,37.3859167,126.94635,2025-10-31,10376.0,31040,경기도 안양시,경기BIS
GGB209000142,인덕원역3번출구,37.40005,126.9771833,2025-10-31,10177.0,31040,경기도 안양시,경기BIS
GGB209000143,평촌두산위브더프라임아파트,37.3677167,126.9506167,2025-10-31,10050.0,31040,경기도 안양시,경기BIS
GGB209000144,평촌두산위브더프라임아파트,37.3674333,126.95095,2025-10-31,10054.0,31040,경기도 안양시,경기BIS
GGB209000145,안양감리교회,37.3897833,126.9422833,2025-10-31,10013.0,31040,경기도 안양시,경기BIS
GGB209000146,안양우편물류센터후문,37.3894333,126.9448167,2025-10-31,10021.0,31040,경기도 안양시,경기BIS
GGB209000147,부흥고등학교.임광아파트,37.3908,126.9454833,2025-10-31,10025.0,31040,경기도 안양시,경기BIS
GGB209000148,안양우편물류센터후문,37.3893,126.9451333,2025-10-31,10023.0,31040,경기도 안양시,경기BIS
GGB209000149,안양감리교회,37.3896333,126.9425833,2025-10-31,10012.0,31040,경기도 안양시,경기BIS
GGB209000150,인덕원삼성아파트.인덕원고등학교,37.3990667,126.9794667,2025-10-31,10184.0,31040,경기도 안양시,경기BIS
GGB209000151,인덕원역2번출구,37.40085,126.9777833,2025-10-31,10180.0,31040,경기도 안양시,경기BIS
GGB209000152,인덕원역1번출구,37.4011333,126.9780667,2025-10-31,10181.0,31040,경기도 안양시,경기BIS
GGB209000153,인덕원삼성아파트.인덕원고등학교,37.39875,126.9804333,2025-10-31,10186.0,31040,경기도 안양시,경기BIS
GGB209000154,호계도서관.평촌트리지아1단지,37.38195,126.95035,2025-10-31,10049.0,31040,경기도 안양시,경기BIS
GGB209000155,한전.호계체육관,37.38195,126.94925,2025-10-31,10038.0,31040,경기도 안양시,경기BIS
GGB209000156,한전.호계체육관,37.3822667,126.9489333,2025-10-31,10041.0,31040,경기도 안양시,경기BIS
GGB209000157,호계도서관,37.3822667,126.9509,2025-10-31,10057.0,31040,경기도 안양시,경기BIS
GGB209000158,한신아파트,37.3829667,126.9671,2025-10-31,10144.0,31040,경기도 안양시,경기BIS
GGB209000159,귀인중학교,37.3842333,126.9647167,2025-10-31,10134.0,31040,경기도 안양시,경기BIS
GGB209000160,귀인중학교,37.3843333,126.9651333,2025-10-31,10137.0,31040,경기도 안양시,경기BIS
GGB209000161,한신아파트,37.3832167,126.9666167,2025-10-31,10142.0,31040,경기도 안양시,경기BIS
GGB209000162,벌말도서관.평촌동행정복지센터,37.3940167,126.9754667,2025-10-31,10172.0,31040,경기도 안양시,경기BIS
GGB209000163,농수산물도매시장,37.3838,126.9697167,2025-10-31,10155.0,31040,경기도 안양시,경기BIS
GGB209000164,꿈마을단지,37.3849,126.9689833,2025-10-31,10152.0,31040,경기도 안양시,경기BIS
GGB209000165,꿈마을라이프,37.3867667,126.9687333,2025-10-31,10151.0,31040,경기도 안양시,경기BIS
GGB209000166,동안고등학교정문,37.3900833,126.96695,2025-10-31,10145.0,31040,경기도 안양시,경기BIS
GGB209000167,초원한양아파트,37.3905,126.96705,2025-10-31,10143.0,31040,경기도 안양시,경기BIS
GGB209000168,꿈마을단지,37.3866333,126.9691,2025-10-31,10153.0,31040,경기도 안양시,경기BIS
GGB209000169,농수산물도매시장,37.3841833,126.9704333,2025-10-31,10158.0,31040,경기도 안양시,경기BIS
GGB209000170,평촌과학기술고등학교,37.37435,126.9636167,2025-10-31,10129.0,31040,경기도 안양시,경기BIS
GGB209000171,덕현초교,37.3759,126.9628167,2025-10-31,10124.0,31040,경기도 안양시,경기BIS
GGB209000172,자유공원.평촌아트홀,37.3783833,126.9616833,2025-10-31,10116.0,31040,경기도 안양시,경기BIS
GGB209000173,평촌학원가.먹자거리,37.3826,126.96025,2025-10-31,10108.0,31040,경기도 안양시,경기BIS
GGB209000174,학원가사거리.먹자골목,37.3845333,126.9592167,2025-10-31,10104.0,31040,경기도 안양시,경기BIS
GGB209000175,부흥고교,37.3923667,126.94535,2025-10-31,10024.0,31040,경기도 안양시,경기BIS
GGB209000176,비산힐스테이트,37.3942333,126.9411333,2025-10-31,10010.0,31040,경기도 안양시,경기BIS
GGB209000177,비산한화꿈에그린아파트.비산사거리,37.3969167,126.9371833,2025-10-31,10006.0,31040,경기도 안양시,경기BIS
GGB209000178,이마트.비산사거리.평촌래미안푸르지오2문,37.3966833,126.93885,2025-10-31,10008.0,31040,경기도 안양시,경기BIS
GGB209000179,관악타운,37.3946,126.9415,2025-10-31,10011.0,31040,경기도 안양시,경기BIS
GGB209000180,부흥고교,37.3926167,126.9450833,2025-10-31,10022.0,31040,경기도 안양시,경기BIS
GGB209000181,평촌학원가.먹자거리,37.3827333,126.9606833,2025-10-31,10109.0,31040,경기도 안양시,경기BIS
GGB209000182,자유공원.평촌아트홀,37.3791667,126.96215,2025-10-31,10117.0,31040,경기도 안양시,경기BIS
GGB209000183,자유공원,37.3774,126.96255,2025-10-31,10119.0,31040,경기도 안양시,경기BIS
GGB209000184,평촌과학기술고등학교,37.3749,126.9639,2025-10-31,10131.0,31040,경기도 안양시,경기BIS
GGB209000185,포일어울림센터.인덕원삼호아파트,37.3974167,126.98185,2025-10-31,10188.0,31040,경기도 안양시,경기BIS
GGB209000186,포일어울림센터.인덕원삼호아파트,37.3974833,126.9823167,2025-10-31,10187.0,31040,경기도 안양시,경기BIS
GGB209000187,효성아파트,37.3850833,126.9472833,2025-10-31,10377.0,31040,경기도 안양시,경기BIS
GGB209000188,효성아파트,37.38495,126.94755,2025-10-31,10378.0,31040,경기도 안양시,경기BIS
GGB209000189,신도브래뉴아파트,37.3841667,126.9478333,2025-10-31,10379.0,31040,경기도 안양시,경기BIS
GGB209000190,신도브래뉴아파트,37.3840167,126.9480167,2025-10-31,10380.0,31040,경기도 안양시,경기BIS
GGB209000191,안양농수산물시장,37.3824667,126.9702,2025-10-31,10381.0,31040,경기도 안양시,경기BIS
GGB209000192,초원대원아파트,37.38765,126.96705,2025-10-31,10382.0,31040,경기도 안양시,경기BIS
GGB209000193,안양2차SK-V1,37.3748833,126.9480167,2025-10-31,10036.0,31040,경기도 안양시,경기BIS
GGB209000194,안양SK-V1,37.3735333,126.9487833,2025-10-31,10037.0,31040,경기도 안양시,경기BIS
GGB209000195,이마트.비산사거리,37.3967,126.9377333,2025-10-31,10042.0,31040,경기도 안양시,경기BIS
GGB209000196,평촌두산위브리버뷰아파트,37.3669833,126.9541833,2025-10-31,10043.0,31040,경기도 안양시,경기BIS
GGB209000197,평촌두산위브리버뷰아파트,37.36695,126.95435,2025-10-31,10141.0,31040,경기도 안양시,경기BIS
GGB209000198,비산1동행정복지센터,37.3998,126.9333667,2025-10-31,10146.0,31040,경기도 안양시,경기BIS
GGB209000199,평촌자이아이파크.안양임곡휴먼시아,37.4004333,126.9313833,2025-10-31,10169.0,31040,경기도 안양시,경기BIS
GGB209000200,대림대학교,37.4015833,126.93155,2025-10-31,10185.0,31040,경기도 안양시,경기BIS
GGB209000201,삼호아파트.평촌우리병원,37.3996333,126.9465,2025-10-31,10193.0,31040,경기도 안양시,경기BIS
GGB209000202,비산체육공원,37.4106,126.95065,2025-10-31,10195.0,31040,경기도 안양시,경기BIS
GGB209000203,평촌엘프라우드2단지,37.4036833,126.9433667,2025-10-31,10271.0,31040,경기도 안양시,경기BIS
GGB209000204,비산노인종합복지관,37.4038667,126.9435167,2025-10-31,10272.0,31040,경기도 안양시,경기BIS
GGB209000205,부흥중고등학교,37.3933833,126.9460333,2025-10-31,10366.0,31040,경기도 안양시,경기BIS
GGB209000206,평촌고등학교,37.3857167,126.954,2025-10-31,10190.0,31040,경기도 안양시,경기BIS
GGB209000207,안양시청후문,37.395,126.95665,2025-10-31,10383.0,31040,경기도 안양시,경기BIS
GGB209000208,학원가사거리.향촌현대아파트,37.3857667,126.9591,2025-10-31,10384.0,31040,경기도 안양시,경기BIS
GGB209000209,학원가사거리.목련우성아파트,37.3856,126.9586,2025-10-31,10385.0,31040,경기도 안양시,경기BIS
GGB209000210,호계중학교.안양시노인종합복지관,37.3793,126.9524167,2025-10-31,10387.0,31040,경기도 안양시,경기BIS
GGB209000211,호계2동행정복지센터,37.3805833,126.95295,2025-10-31,10388.0,31040,경기도 안양시,경기BIS
GGB209000212,평촌트리지아1.2단지,37.3809,126.9511333,2025-10-31,10389.0,31040,경기도 안양시,경기BIS
GGB209000219,동편수변공원앞,37.4065667,126.9699167,2025-10-31,10191.0,31040,경기도 안양시,경기BIS
GGB209000220,동편1단지후문,37.4102167,126.9657833,2025-10-31,10189.0,31040,경기도 안양시,경기BIS
GGB209000221,목련마을,37.3858167,126.95135,2025-10-31,10194.0,31040,경기도 안양시,경기BIS
GGB209000223,목련신동아아파트,37.3869333,126.95305,2025-10-31,10192.0,31040,경기도 안양시,경기BIS
GGB209000224,호계아크로리버,37.3668667,126.9558833,2025-10-31,10196.0,31040,경기도 안양시,경기BIS
GGB209000225,LS타워,37.3725667,126.9477167,2025-10-31,10197.0,31040,경기도 안양시,경기BIS
GGB209000226,LS타워,37.3723833,126.9484667,2025-10-31,10198.0,31040,경기도 안양시,경기BIS
GGB209000227,관양중학교,37.4036333,126.9617,2025-10-31,10114.0,31040,경기도 안양시,경기BIS
GGB209000228,스마트베이(마을),37.3990333,126.9683667,2025-10-31,10372.0,31040,경기도 안양시,경기BIS
GGB209000229,e편한세상아파트,37.3990167,126.9426667,2025-10-31,10216.0,31040,경기도 안양시,경기BIS
GGB209000231,한림대병원,37.3930167,126.9630667,2025-10-31,10201.0,31040,경기도 안양시,경기BIS
GGB209000232,휴비츠.뷰웍스,37.3993833,126.9659667,2025-10-31,10367.0,31040,경기도 안양시,경기BIS
GGB209000233,부안중학교,37.3988,126.9620333,2025-10-31,10202.0,31040,경기도 안양시,경기BIS
GGB209000234,힐스테이트에코평촌.부안중학교,37.3977333,126.9624333,2025-10-31,10203.0,31040,경기도 안양시,경기BIS
GGB209000235,부림초등학교,37.3992667,126.95975,2025-10-31,10204.0,31040,경기도 안양시,경기BIS
GGB209000236,부안중학교,37.3991333,126.9601167,2025-10-31,10205.0,31040,경기도 안양시,경기BIS
GGB209000237,공작마을.성일아파트,37.3987333,126.9582167,2025-10-31,10206.0,31040,경기도 안양시,경기BIS
GGB209000238,공작마을.부영아파트,37.3984667,126.95815,2025-10-31,10207.0,31040,경기도 안양시,경기BIS
GGB209000239,한가람한양아파트,37.4000167,126.953,2025-10-31,10236.0,31040,경기도 안양시,경기BIS
GGB209000240,호계삼거리.디오슈페리움,37.3661667,126.9580167,2025-10-31,10210.0,31040,경기도 안양시,경기BIS
GGB209000241,호계삼거리.디오슈페리움,37.3657167,126.9576,2025-10-31,10208.0,31040,경기도 안양시,경기BIS
GGB209000243,태영아파트,37.3792833,126.9586,2025-10-31,10209.0,31040,경기도 안양시,경기BIS
GGB209000246,동편1단지후문,37.4101167,126.9657,2025-10-31,10220.0,31040,경기도 안양시,경기BIS
GGB209000247,관악초등학교,37.4078333,126.9675667,2025-10-31,10221.0,31040,경기도 안양시,경기BIS
GGB209000248,관악초등학교,37.40775,126.9679667,2025-10-31,10222.0,31040,경기도 안양시,경기BIS
GGB209000249,동편마을1단지,37.4109333,126.9683333,2025-10-31,10223.0,31040,경기도 안양시,경기BIS
GGB209000250,동편마을1단지,37.4108833,126.9686,2025-10-31,10224.0,31040,경기도 안양시,경기BIS
GGB209000251,동편마을2단지,37.41105,126.972,2025-10-31,10226.0,31040,경기도 안양시,경기BIS
GGB209000252,동편마을2단지,37.4103,126.9723333,2025-10-31,10231.0,31040,경기도 안양시,경기BIS
GGB209000253,해오름공원.동편마을4단지후문,37.40875,126.9715,2025-10-31,10232.0,31040,경기도 안양시,경기BIS
GGB209000254,해오름공원.동편마을4단지후문,37.4078,126.9713833,2025-10-31,10227.0,31040,경기도 안양시,경기BIS
GGB209000255,인덕원동행정복지센터,37.4027167,126.9708167,2025-10-31,10228.0,31040,경기도 안양시,경기BIS
GGB209000257,금강펜터리움IT타워,37.4009333,126.9698167,2025-10-31,10229.0,31040,경기도 안양시,경기BIS
GGB209000258,동일테크노타운,37.4012833,126.9703,2025-10-31,10230.0,31040,경기도 안양시,경기BIS
GGB209000259,동편마을입구,37.4051167,126.9718333,2025-10-31,10233.0,31040,경기도 안양시,경기BIS
GGB209000260,종합운동장,37.4036833,126.94965,2025-10-31,10211.0,31040,경기도 안양시,경기BIS
GGB209000261,종합운동장정문,37.4056,126.9500667,2025-10-31,10234.0,31040,경기도 안양시,경기BIS
GGB209000262,행복마을아파트,37.4070667,126.9504,2025-10-31,10219.0,31040,경기도 안양시,경기BIS
GGB209000263,안양인라인경기장,37.40925,126.9507167,2025-10-31,10217.0,31040,경기도 안양시,경기BIS
GGB209000264,안양비산동종점,37.4112667,126.9512,2025-10-31,10215.0,31040,경기도 안양시,경기BIS
GGB209000266,안양인라인경기장,37.4092,126.95045,2025-10-31,10212.0,31040,경기도 안양시,경기BIS
GGB209000267,종합운동장수영장.비산동교회,37.4069167,126.94995,2025-10-31,10214.0,31040,경기도 안양시,경기BIS
GGB209000268,종합운동장,37.4037167,126.9492,2025-10-31,10218.0,31040,경기도 안양시,경기BIS
GGB209000269,귀인동행정복지센터,37.3851833,126.9693,2025-10-31,10235.0,31040,경기도 안양시,경기BIS
GGB209000270,한가람삼성아파트,37.40085,126.9556667,2025-10-31,10237.0,31040,경기도 안양시,경기BIS
GGB209000271,평촌스마트베이.오비즈타워,37.39935,126.9691667,2025-10-31,10239.0,31040,경기도 안양시,경기BIS
GGB209000272,평촌스마트베이.오비즈타워,37.3992,126.9689667,2025-10-31,10240.0,31040,경기도 안양시,경기BIS
GGB209000273,동편카페거리.관양119안전센터,37.4066333,126.9712833,2025-10-31,10241.0,31040,경기도 안양시,경기BIS
GGB209000274,동편카페거리.관양119안전센터,37.4066167,126.9710333,2025-10-31,10242.0,31040,경기도 안양시,경기BIS
GGB209000275,비산화성파크드림,37.3989333,126.9318167,2025-10-31,10243.0,31040,경기도 안양시,경기BIS
GGB209000276,학운공원,37.3990667,126.9500667,2025-10-31,10244.0,31040,경기도 안양시,경기BIS
GGB209000277,안양.범계(공항버스),37.3909,126.9479,2025-10-31,10225.0,31040,경기도 안양시,경기BIS
GGB209000278,관악부영아파트,37.397,126.94495,2025-10-31,10360.0,31040,경기도 안양시,경기BIS
GGB209000279,샛별아파트,37.3960667,126.9529667,2025-10-31,10245.0,31040,경기도 안양시,경기BIS
GGB209000280,KT안양지사,37.3935,126.9543667,2025-10-31,10246.0,31040,경기도 안양시,경기BIS
GGB209000281,관양고등학교,37.4079,126.9600667,2025-10-31,10247.0,31040,경기도 안양시,경기BIS
GGB209000282,현대아파트앞,37.4059667,126.9578667,2025-10-31,10248.0,31040,경기도 안양시,경기BIS
GGB209000283,안양시청후문,37.3949333,126.95705,2025-10-31,10249.0,31040,경기도 안양시,경기BIS
GGB209000284,무궁화진흥아파트,37.3802833,126.9591167,2025-10-31,10250.0,31040,경기도 안양시,경기BIS
GGB209000285,호계중학교입구,37.3778167,126.9540167,2025-10-31,10251.0,31040,경기도 안양시,경기BIS
GGB209000286,한림대병원정문,37.3925333,126.9623333,2025-10-31,10252.0,31040,경기도 안양시,경기BIS
GGB209000287,초원대원아파트,37.3886167,126.9677833,2025-10-31,10253.0,31040,경기도 안양시,경기BIS
GGB209000288,초원럭키아파트,37.3887833,126.9679833,2025-10-31,10254.0,31040,경기도 안양시,경기BIS
GGB209000289,새중앙교회,37.3885,126.9706667,2025-10-31,10255.0,31040,경기도 안양시,경기BIS
GGB209000290,꿈마을우성아파트,37.3882,126.9704833,2025-10-31,10256.0,31040,경기도 안양시,경기BIS
GGB209000291,관악타운정문,37.39625,126.943,2025-10-31,10361.0,31040,경기도 안양시,경기BIS
GGB209000292,학운공원,37.399,126.9492,2025-10-31,10257.0,31040,경기도 안양시,경기BIS
GGB209000293,안양시의회,37.3934333,126.9549333,2025-10-31,10258.0,31040,경기도 안양시,경기BIS
GGB209000294,한가람한양아파트,37.4002,126.9527667,2025-10-31,10259.0,31040,경기도 안양시,경기BIS
GGB209000295,초원부영아파트,37.39225,126.9657333,2025-10-31,10260.0,31040,경기도 안양시,경기BIS
GGB209000296,샛별한양아파트.한양스포츠센터,37.39595,126.9482167,2025-10-31,10261.0,31040,경기도 안양시,경기BIS
GGB209000297,한가람삼성아파트,37.4010667,126.9555833,2025-10-31,10262.0,31040,경기도 안양시,경기BIS
GGB209000298,공작럭키아파트,37.4017167,126.9577167,2025-10-31,10263.0,31040,경기도 안양시,경기BIS
GGB209000299,평촌경영고등학교,37.4014,126.9592167,2025-10-31,10264.0,31040,경기도 안양시,경기BIS
GGB209000300,귀인초등학교,37.3869667,126.9657667,2025-10-31,10265.0,31040,경기도 안양시,경기BIS
GGB209000301,목련두산아파트.평촌고등학교,37.3868833,126.9553667,2025-10-31,10266.0,31040,경기도 안양시,경기BIS
GGB209000302,목련우성아파트,37.3871167,126.95525,2025-10-31,10267.0,31040,경기도 안양시,경기BIS
GGB209000303,안양법원,37.3967833,126.9633833,2025-10-31,10268.0,31040,경기도 안양시,경기BIS
GGB209000304,범계역.힐스테이트,37.3910167,126.95145,2025-10-31,10346.0,31040,경기도 안양시,경기BIS
GGB209000305,중앙공원,37.3883833,126.9595667,2025-10-31,10269.0,31040,경기도 안양시,경기BIS
GGB209000306,중앙공원,37.3885667,126.9593833,2025-10-31,10270.0,31040,경기도 안양시,경기BIS
GGB209000309,샘마을대우.한양아파트,37.3761333,126.9655833,2025-10-31,10273.0,31040,경기도 안양시,경기BIS
GGB209000310,대안여자중학교,37.3762167,126.96575,2025-10-31,10274.0,31040,경기도 안양시,경기BIS
GGB209000311,샘마을.대안중학교,37.3778,126.9675667,2025-10-31,10275.0,31040,경기도 안양시,경기BIS
GGB209000312,샘마을쌍용.우방아파트,37.3777667,126.9678167,2025-10-31,10276.0,31040,경기도 안양시,경기BIS
GGB209000313,신기중학교.평촌더샵아이파크아파트,37.3785167,126.9597333,2025-10-31,10277.0,31040,경기도 안양시,경기BIS
GGB209000314,평촌센텀퍼스트아파트,37.3740333,126.9621667,2025-10-31,10278.0,31040,경기도 안양시,경기BIS
GGB209000315,평촌센텀퍼스트아파트,37.3739833,126.9624,2025-10-31,10279.0,31040,경기도 안양시,경기BIS
GGB209000316,덕현초등학교,37.3751333,126.9615833,2025-10-31,10280.0,31040,경기도 안양시,경기BIS
GGB209000317,무궁화태영아파트.평촌더샵아이파크,37.3777333,126.9579667,2025-10-31,10281.0,31040,경기도 안양시,경기BIS
GGB209000318,일심교회.평촌트루엘파크,37.3772,126.96045,2025-10-31,10282.0,31040,경기도 안양시,경기BIS
GGB209000319,일심교회.평촌트루엘파크,37.3771167,126.9607,2025-10-31,10283.0,31040,경기도 안양시,경기BIS
GGB209000320,덕현초등학교.평촌센텀퍼스트,37.3761333,126.9610333,2025-10-31,10284.0,31040,경기도 안양시,경기BIS
GGB209000321,덕현초등학교.평촌더샵아이파크,37.3761333,126.9612167,2025-10-31,10285.0,31040,경기도 안양시,경기BIS
GGB209000322,덕현초등학교,37.3747167,126.962,2025-10-31,10286.0,31040,경기도 안양시,경기BIS
GGB209000323,신기중학교,37.3782167,126.9601,2025-10-31,10287.0,31040,경기도 안양시,경기BIS
GGB209000324,호계중학교입구,37.3776333,126.9541167,2025-10-31,10288.0,31040,경기도 안양시,경기BIS
GGB209000325,럭키아파트,37.3771,126.9531167,2025-10-31,10289.0,31040,경기도 안양시,경기BIS
GGB209000326,호원초등학교,37.3748667,126.954,2025-10-31,10290.0,31040,경기도 안양시,경기BIS
GGB209000327,평촌어바인퍼스트2단지.호원초등학교,37.3751833,126.9540667,2025-10-31,10291.0,31040,경기도 안양시,경기BIS
GGB209000328,호계성당입구,37.37355,126.95405,2025-10-31,10292.0,31040,경기도 안양시,경기BIS
GGB209000329,호계성당입구,37.3735,126.9543,2025-10-31,10293.0,31040,경기도 안양시,경기BIS
GGB209000330,평촌어바인퍼스트더샵아파트,37.3718833,126.9538167,2025-10-31,10294.0,31040,경기도 안양시,경기BIS
GGB209000331,평촌어바인퍼스트더샵아파트,37.3719333,126.9541167,2025-10-31,10295.0,31040,경기도 안양시,경기BIS
GGB209000332,국제유통단지후문,37.3701,126.9539667,2025-10-31,10296.0,31040,경기도 안양시,경기BIS
GGB209000333,평촌어바인퍼스트1단지,37.37085,126.9542,2025-10-31,10297.0,31040,경기도 안양시,경기BIS
GGB209000334,평촌도서관,37.3953667,126.9584167,2025-10-31,10298.0,31040,경기도 안양시,경기BIS
GGB209000335,안양역푸르지오더샵정문,37.39785,126.9304333,2025-10-31,10299.0,31040,경기도 안양시,경기BIS
GGB209000336,비산1동행정복지센터.비산한신더휴,37.3999,126.9329667,2025-10-31,10300.0,31040,경기도 안양시,경기BIS
GGB209000337,대림대학교,37.4017833,126.93165,2025-10-31,10301.0,31040,경기도 안양시,경기BIS
GGB209000338,안양임곡휴먼시아.평촌자이아이파크,37.4006667,126.9306667,2025-10-31,10302.0,31040,경기도 안양시,경기BIS
GGB209000339,대림대학교,37.4020667,126.93085,2025-10-31,10303.0,31040,경기도 안양시,경기BIS
GGB209000340,대림대학교,37.4023,126.9314333,2025-10-31,10304.0,31040,경기도 안양시,경기BIS
GGB209000342,평촌자이아이파크3문.양성교회,37.403,126.9322333,2025-10-31,10306.0,31040,경기도 안양시,경기BIS
GGB209000343,더포레스트힐,37.4042,126.9329167,2025-10-31,10307.0,31040,경기도 안양시,경기BIS
GGB209000344,더포레스트힐,37.4041167,126.9330833,2025-10-31,10308.0,31040,경기도 안양시,경기BIS
GGB209000345,더포레스트힐.힐스테이트비산파크뷰.비산사회복지관,37.4059167,126.9337333,2025-10-31,10309.0,31040,경기도 안양시,경기BIS
GGB209000346,힐스테이트비산파크뷰.비산사회복지관,37.4065333,126.9339667,2025-10-31,10310.0,31040,경기도 안양시,경기BIS
GGB209000347,평촌도서관,37.3954333,126.9579,2025-10-31,10311.0,31040,경기도 안양시,경기BIS
GGB209000348,안양교육지원청,37.3959667,126.95945,2025-10-31,10312.0,31040,경기도 안양시,경기BIS
GGB209000349,안양교육지원청,37.3957833,126.95955,2025-10-31,10313.0,31040,경기도 안양시,경기BIS
GGB209000350,안양광역등기소,37.3969667,126.9623333,2025-10-31,10314.0,31040,경기도 안양시,경기BIS
GGB209000351,법원.검찰청,37.3968,126.9625,2025-10-31,10315.0,31040,경기도 안양시,경기BIS
GGB209000352,세경아파트후문,37.39585,126.9536,2025-10-31,10316.0,31040,경기도 안양시,경기BIS
GGB209000353,럭키아파트,37.37665,126.9529667,2025-10-31,10317.0,31040,경기도 안양시,경기BIS
GGB209000354,수촌마을,37.40575,126.9564333,2025-10-31,10318.0,31040,경기도 안양시,경기BIS
GGB209000355,명문약국,37.4058333,126.955,2025-10-31,10319.0,31040,경기도 안양시,경기BIS
GGB209000356,성원아파트입구,37.4059167,126.9527,2025-10-31,10320.0,31040,경기도 안양시,경기BIS
GGB209000357,운동장치안센터,37.4037167,126.9516,2025-10-31,10321.0,31040,경기도 안양시,경기BIS
GGB209000358,수촌마을먹거리촌,37.40375,126.9544333,2025-10-31,10322.0,31040,경기도 안양시,경기BIS
GGB209000359,수촌마을,37.4038,126.95655,2025-10-31,10323.0,31040,경기도 안양시,경기BIS
GGB209000360,평촌엘프라우드아파트1단지,37.4057167,126.9432,2025-10-31,10324.0,31040,경기도 안양시,경기BIS
GGB209000361,비산초등학교,37.40555,126.9433333,2025-10-31,10325.0,31040,경기도 안양시,경기BIS
GGB209000362,비산3동행정복지센터,37.4036833,126.9457833,2025-10-31,10326.0,31040,경기도 안양시,경기BIS
GGB209000363,비산3동행정복지센터,37.4038833,126.94565,2025-10-31,10327.0,31040,경기도 안양시,경기BIS
GGB209000364,삼호아파트,37.4032833,126.9467333,2025-10-31,10328.0,31040,경기도 안양시,경기BIS
GGB209000365,삼호뉴타운아파트,37.4032167,126.9469167,2025-10-31,10329.0,31040,경기도 안양시,경기BIS
GGB209000366,대주아파트.비산감리교회,37.4004333,126.9450333,2025-10-31,10330.0,31040,경기도 안양시,경기BIS
GGB209000367,동양아파트,37.4004667,126.9452,2025-10-31,10331.0,31040,경기도 안양시,경기BIS
GGB209000368,홈플러스.동안구청,37.3932,126.95145,2025-10-31,10332.0,31040,경기도 안양시,경기BIS
GGB209000369,동안구청.동안구보건소.우체국,37.3931833,126.9519667,2025-10-31,10333.0,31040,경기도 안양시,경기BIS
GGB209000370,중앙공원,37.3916333,126.9591167,2025-10-31,10334.0,31040,경기도 안양시,경기BIS
GGB209000371,비산사거리.이마트(마을),37.3977333,126.935,2025-10-31,10335.0,31040,경기도 안양시,경기BIS
GGB209000372,GS파워,37.3919,126.9662333,2025-10-31,10337.0,31040,경기도 안양시,경기BIS
GGB209000373,현대아파트,37.40595,126.95815,2025-10-31,10338.0,31040,경기도 안양시,경기BIS
GGB209000374,종합운동장북문,37.4066667,126.9475167,2025-10-31,10339.0,31040,경기도 안양시,경기BIS
GGB209000375,종합운동장북문,37.4067667,126.9476833,2025-10-31,10340.0,31040,경기도 안양시,경기BIS
GGB209000376,종합운동장수영장,37.4065833,126.9489333,2025-10-31,10341.0,31040,경기도 안양시,경기BIS
GGB209000377,종합운동장수영장,37.4066833,126.94925,2025-10-31,10342.0,31040,경기도 안양시,경기BIS
GGB209000378,종합운동장정문,37.4060667,126.9503,2025-10-31,10343.0,31040,경기도 안양시,경기BIS
GGB209000379,종합운동장정문(마을),37.40605,126.94975,2025-10-31,10344.0,31040,경기도 안양시,경기BIS
GGB209000380,공작럭키아파트,37.4015,126.9577667,2025-10-31,10345.0,31040,경기도 안양시,경기BIS
GGB209000381,평촌경영고등학교,37.4015833,126.9595333,2025-10-31,10347.0,31040,경기도 안양시,경기BIS
GGB209000382,스마트스퀘어체육공원,37.3989333,126.9645833,2025-10-31,10348.0,31040,경기도 안양시,경기BIS
GGB209000383,뉴젠스,37.4004,126.96495,2025-10-31,10349.0,31040,경기도 안양시,경기BIS
GGB209000384,관양두산벤처다임.네비웍스,37.4020167,126.96615,2025-10-31,10350.0,31040,경기도 안양시,경기BIS
GGB209000385,안양메가벨리,37.4021333,126.9689833,2025-10-31,10351.0,31040,경기도 안양시,경기BIS
GGB209000386,뷰웍스.휴비츠,37.3994833,126.9658667,2025-10-31,10352.0,31040,경기도 안양시,경기BIS
GGB209000387,더샵센트럴시티,37.3989333,126.9640833,2025-10-31,10353.0,31040,경기도 안양시,경기BIS
GGB209000388,관양고등학교,37.4078667,126.9603167,2025-10-31,10354.0,31040,경기도 안양시,경기BIS
GGB209000389,평촌스마트스퀘어,37.3974833,126.9664167,2025-10-31,10355.0,31040,경기도 안양시,경기BIS
GGB209000390,신한은행,37.4039667,126.9574,2025-10-31,10356.0,31040,경기도 안양시,경기BIS
GGB209000391,신한은행,37.40405,126.9571667,2025-10-31,10357.0,31040,경기도 안양시,경기BIS
GGB209000392,LS어린이집,37.3723333,126.9491333,2025-10-31,10358.0,31040,경기도 안양시,경기BIS
GGB209000393,금정역호계푸르지오아파트,37.3743333,126.9504167,2025-10-31,10359.0,31040,경기도 안양시,경기BIS
GGB209000394,범계역,37.3894333,126.9526667,2025-10-31,10362.0,31040,경기도 안양시,경기BIS
GGB209000395,롯데백화점.범계역(시외),37.3903833,126.9501167,2025-10-31,10238.0,31040,경기도 안양시,경기BIS
GGB209000396,스마트스퀘어.대한전선앞,37.3958833,126.96555,2025-10-31,10336.0,31040,경기도 안양시,경기BIS
GGB209000397,청소년수련관.범계역,37.3919333,126.9503667,2025-10-31,10363.0,31040,경기도 안양시,경기BIS
GGB209000398,호계시외버스정류장,37.38075,126.9541,2025-10-31,10364.0,31040,경기도 안양시,경기BIS
GGB209000399,비산로제비앙,37.3993833,126.93195,2025-10-31,10368.0,31040,경기도 안양시,경기BIS
GGB209000400,안양남초등학교후문,37.3781,126.9674833,2025-10-31,10369.0,31040,경기도 안양시,경기BIS
GGB209000401,평촌스마트스퀘어,37.3974333,126.9662,2025-10-31,10370.0,31040,경기도 안양시,경기BIS
GGB209000402,부림초등학교,37.4001,126.9608167,2025-10-31,10371.0,31040,경기도 안양시,경기BIS
GGB209000403,인덕원성당,37.4031333,126.9743667,2025-10-31,10386.0,31040,경기도 안양시,경기BIS
GGB209508810,LS타워(마을),37.3729833,126.9471,2025-10-31,0.0,31040,경기도 안양시,경기BIS
GGB208000001,서안양우체국.국제나은병원,37.39365,126.9259667,2025-10-31,9157.0,31040,경기도 안양시,경기BIS
GGB208000002,안양센트럴헤센.KCC스위첸,37.3901,126.9289,2025-10-31,9172.0,31040,경기도 안양시,경기BIS
GGB208000003,만안구청,37.3873,126.9312167,2025-10-31,9180.0,31040,경기도 안양시,경기BIS
GGB208000004,성결대학교.안양아트센터.명학역,37.3844167,126.93365,2025-10-31,9190.0,31040,경기도 안양시,경기BIS
GGB208000005,명학대교,37.3836,126.9385833,2025-10-31,9207.0,31040,경기도 안양시,경기BIS
GGB208000006,뉴골든아파트,37.3899833,126.9099667,2025-10-31,9093.0,31040,경기도 안양시,경기BIS
GGB208000007,금용아파트.장은한양아파트,37.3883333,126.9090833,2025-10-31,9080.0,31040,경기도 안양시,경기BIS
GGB208000008,병목안삼거리,37.3859167,126.9065333,2025-10-31,9061.0,31040,경기도 안양시,경기BIS
GGB208000009,한양수자인아파트후문,37.4041833,126.92135,2025-10-31,9004.0,31040,경기도 안양시,경기BIS
GGB208000010,안양역,37.4019333,126.92145,2025-10-31,9145.0,31040,경기도 안양시,경기BIS
GGB208000011,새마을금고,37.41265,126.9093833,2025-10-31,9081.0,31040,경기도 안양시,경기BIS
GGB208000012,석수시장,37.41125,126.9066833,2025-10-31,9063.0,31040,경기도 안양시,경기BIS
GGB208000013,갈뫼어린이공원,37.4101833,126.9066667,2025-10-31,9062.0,31040,경기도 안양시,경기BIS
GGB208000014,경인교육대,37.4315833,126.9181333,2025-10-31,9137.0,31040,경기도 안양시,경기BIS
GGB208000015,정심여자중고등학교,37.4272,126.91505,2025-10-31,9122.0,31040,경기도 안양시,경기BIS
GGB208000016,삼막교,37.4238667,126.9130167,2025-10-31,9110.0,31040,경기도 안양시,경기BIS
GGB208000017,느티나무.삼막맛거리촌,37.42265,126.91195,2025-10-31,9103.0,31040,경기도 안양시,경기BIS
GGB208000018,삼막동입구.삼막맛거리촌,37.4214333,126.9103667,2025-10-31,9088.0,31040,경기도 안양시,경기BIS
GGB208000019,삼성.세림아파트,37.4137333,126.9170167,2025-10-31,9130.0,31040,경기도 안양시,경기BIS
GGB208000020,안양예술공원지하도,37.4101667,126.9138667,2025-10-31,9113.0,31040,경기도 안양시,경기BIS
GGB208000021,안양예술공원지하도,37.4102833,126.9135667,2025-10-31,9112.0,31040,경기도 안양시,경기BIS
GGB208000022,삼성아파트,37.4140667,126.9169167,2025-10-31,9129.0,31040,경기도 안양시,경기BIS
GGB208000023,삼막동입구.삼막맛거리촌,37.42165,126.9102833,2025-10-31,9089.0,31040,경기도 안양시,경기BIS
GGB208000024,느티나무.삼막맛거리촌,37.4232333,126.91225,2025-10-31,9104.0,31040,경기도 안양시,경기BIS
GGB208000025,삼막교,37.4244833,126.91305,2025-10-31,9111.0,31040,경기도 안양시,경기BIS
GGB208000026,정심여자중고등학교,37.42735,126.9148833,2025-10-31,9121.0,31040,경기도 안양시,경기BIS
GGB208000027,창박골,37.3842333,126.9022333,2025-10-31,9346.0,31040,경기도 안양시,경기BIS
GGB208000028,경인교육대후문,37.43245,126.9151333,2025-10-31,9120.0,31040,경기도 안양시,경기BIS
GGB208000029,경인교육대,37.4312667,126.9180833,2025-10-31,9136.0,31040,경기도 안양시,경기BIS
GGB208000030,양명고.양명여고.대우아파트,37.4071333,126.92275,2025-10-31,9149.0,31040,경기도 안양시,경기BIS
GGB208000031,장애인복지회관,37.41305,126.91965,2025-10-31,9142.0,31040,경기도 안양시,경기BIS
GGB208000032,석수지구대,37.4150167,126.918,2025-10-31,9135.0,31040,경기도 안양시,경기BIS
GGB208000033,안양예술공원,37.4165333,126.91395,2025-10-31,9115.0,31040,경기도 안양시,경기BIS
GGB208000034,관악역,37.4199167,126.9092833,2025-10-31,9082.0,31040,경기도 안양시,경기BIS
GGB208000035,한양수자인아파트후문,37.4041333,126.9212667,2025-10-31,9029.0,31040,경기도 안양시,경기BIS
GGB208000036,고용노동부안양지청.명학자동차운전전문학원,37.3861,126.9384667,2025-10-31,9352.0,31040,경기도 안양시,경기BIS
GGB208000037,석수역(중),37.4335833,126.90335,2025-10-31,9040.0,31040,경기도 안양시,경기BIS
GGB208000039,관악역(공항버스),37.41835,126.91185,2025-10-31,9053.0,31040,경기도 안양시,경기BIS
GGB208000040,한마음선원.관악역이안아파트,37.42265,126.90735,2025-10-31,9067.0,31040,경기도 안양시,경기BIS
GGB208000041,관악역,37.4196333,126.9103333,2025-10-31,9084.0,31040,경기도 안양시,경기BIS
GGB208000042,안양예술공원,37.4166667,126.91465,2025-10-31,9119.0,31040,경기도 안양시,경기BIS
GGB208000043,안양예술공원입구.아르테자이후문,37.4155833,126.9179167,2025-10-31,9133.0,31040,경기도 안양시,경기BIS
GGB208000044,주공뜨란채후문,37.40085,126.9249667,2025-10-31,9041.0,31040,경기도 안양시,경기BIS
GGB208000045,양명고.양명여고.대우아파트,37.4068667,126.9234833,2025-10-31,9150.0,31040,경기도 안양시,경기BIS
GGB208000046,효성티앤씨.호계대교,37.3805833,126.9380833,2025-10-31,9206.0,31040,경기도 안양시,경기BIS
GGB208000047,동아제약물류센터,37.4186667,126.9067167,2025-10-31,9066.0,31040,경기도 안양시,경기BIS
GGB208000048,효성티앤씨.호계대교,37.3806333,126.9383667,2025-10-31,9205.0,31040,경기도 안양시,경기BIS
GGB208000050,안양문화원.소방서,37.3904667,126.9254667,2025-10-31,9155.0,31040,경기도 안양시,경기BIS
GGB208000051,안양세무서,37.3890167,126.9259167,2025-10-31,9159.0,31040,경기도 안양시,경기BIS
GGB208000052,만안경찰서,37.3870667,126.9268167,2025-10-31,9165.0,31040,경기도 안양시,경기BIS
GGB208000053,만안평생교육센터,37.3856,126.9273667,2025-10-31,9167.0,31040,경기도 안양시,경기BIS
GGB208000054,만안청소년수련관.태양철물,37.3836167,126.92855,2025-10-31,9170.0,31040,경기도 안양시,경기BIS
GGB208000055,성결대학교,37.3822333,126.92975,2025-10-31,9174.0,31040,경기도 안양시,경기BIS
GGB208000056,노루페인트.대림한숲아파트,37.4046,126.8930833,2025-10-31,9012.0,31040,경기도 안양시,경기BIS
GGB208000057,충훈2교,37.4036833,126.89495,2025-10-31,9018.0,31040,경기도 안양시,경기BIS
GGB208000058,한일아파트.삼봉마을,37.4017667,126.8985667,2025-10-31,9030.0,31040,경기도 안양시,경기BIS
GGB208000059,한라비발디아파트,37.4021667,126.902,2025-10-31,9042.0,31040,경기도 안양시,경기BIS
GGB208000060,박달벽산.한양수자인에듀파크,37.4025167,126.90535,2025-10-31,9057.0,31040,경기도 안양시,경기BIS
GGB208000061,박달우성아파트,37.40265,126.9082333,2025-10-31,9074.0,31040,경기도 안양시,경기BIS
GGB208000062,박달사거리.박달문화센터,37.4026833,126.9113833,2025-10-31,9100.0,31040,경기도 안양시,경기BIS
GGB208000063,안양여중고.안양성결교회,37.4027667,126.9154833,2025-10-31,9127.0,31040,경기도 안양시,경기BIS
GGB208000064,대동문고.댕리단길,37.4013833,126.9195,2025-10-31,9139.0,31040,경기도 안양시,경기BIS
GGB208000065,안양1번가.안양고용센터,37.399,126.9214667,2025-10-31,9146.0,31040,경기도 안양시,경기BIS
GGB208000066,남부시장,37.3960833,126.9239167,2025-10-31,9153.0,31040,경기도 안양시,경기BIS
GGB208000067,안양역,37.3998667,126.9234333,2025-10-31,9152.0,31040,경기도 안양시,경기BIS
GGB208000068,안양역,37.3997833,126.9237667,2025-10-31,9154.0,31040,경기도 안양시,경기BIS
GGB208000069,안양역,37.40145,126.9222333,2025-10-31,9213.0,31040,경기도 안양시,경기BIS
GGB208000070,석수현대아파트,37.4158667,126.9074833,2025-10-31,9068.0,31040,경기도 안양시,경기BIS
GGB208000071,농협.KT석수지점,37.4126833,126.9101,2025-10-31,9092.0,31040,경기도 안양시,경기BIS
GGB208000072,안양대교앞,37.4105833,126.9118833,2025-10-31,9102.0,31040,경기도 안양시,경기BIS
GGB208000073,안양대교,37.4092,126.9112333,2025-10-31,9097.0,31040,경기도 안양시,경기BIS
GGB208000074,럭키아파트,37.4083167,126.90785,2025-10-31,9069.0,31040,경기도 안양시,경기BIS
GGB208000075,박석교.삼정빌라,37.4063167,126.9083167,2025-10-31,9076.0,31040,경기도 안양시,경기BIS
GGB208000076,박달시장,37.4053,126.90895,2025-10-31,9079.0,31040,경기도 안양시,경기BIS
GGB208000077,박달동행정복지센터,37.4038,126.9098667,2025-10-31,9091.0,31040,경기도 안양시,경기BIS
GGB208000078,호현마을,37.4061667,126.8854,2025-10-31,9006.0,31040,경기도 안양시,경기BIS
GGB208000079,친목마을,37.4092167,126.8830833,2025-10-31,9002.0,31040,경기도 안양시,경기BIS
GGB208000080,명학초교,37.3821,126.93575,2025-10-31,9201.0,31040,경기도 안양시,경기BIS
GGB208000081,미도아파트.메트로병원,37.3784167,126.9394833,2025-10-31,9224.0,31040,경기도 안양시,경기BIS
GGB208000082,미도아파트.메트로병원,37.3784667,126.9388667,2025-10-31,9208.0,31040,경기도 안양시,경기BIS
GGB208000083,명학초교,37.3816333,126.9356167,2025-10-31,9202.0,31040,경기도 안양시,경기BIS
GGB208000084,명학대교.안양자동차매매단지,37.3833167,126.9390667,2025-10-31,9209.0,31040,경기도 안양시,경기BIS
GGB208000085,성결대학교.안양아트센터.명학역,37.3843333,126.9332333,2025-10-31,9189.0,31040,경기도 안양시,경기BIS
GGB208000086,만안구청,37.3869,126.9310833,2025-10-31,9179.0,31040,경기도 안양시,경기BIS
GGB208000087,안양센트럴헤센.KCC스위첸,37.38975,126.92875,2025-10-31,9171.0,31040,경기도 안양시,경기BIS
GGB208000088,박석교.삼정빌라,37.4062,126.90815,2025-10-31,9071.0,31040,경기도 안양시,경기BIS
GGB208000089,안양대교,37.4108667,126.9111833,2025-10-31,9098.0,31040,경기도 안양시,경기BIS
GGB208000090,석수시장.석수현대아파트,37.4143333,126.9082333,2025-10-31,9073.0,31040,경기도 안양시,경기BIS
GGB208000091,석수현대아파트,37.41755,126.9086167,2025-10-31,9077.0,31040,경기도 안양시,경기BIS
GGB208000092,관악역,37.4188333,126.9086833,2025-10-31,9078.0,31040,경기도 안양시,경기BIS
GGB208000093,석수체육공원.자동차학원.원태우지사의거지,37.4226333,126.9057333,2025-10-31,9059.0,31040,경기도 안양시,경기BIS
GGB208000094,대림.LG.힐스테이트아파트(중),37.4312,126.9038167,2025-10-31,9054.0,31040,경기도 안양시,경기BIS
GGB208000095,우체국사거리.안양초교.중화한방병원,37.3945167,126.92635,2025-10-31,9161.0,31040,경기도 안양시,경기BIS
GGB208000096,충훈부종점,37.4090667,126.8937833,2025-10-31,9014.0,31040,경기도 안양시,경기BIS
GGB208000097,청란공원,37.4079167,126.8951,2025-10-31,9019.0,31040,경기도 안양시,경기BIS
GGB208000098,용강빌라,37.4073,126.8964333,2025-10-31,9027.0,31040,경기도 안양시,경기BIS
GGB208000099,충훈동행정복지센터.코오롱하늘채아파트,37.4077333,126.8986,2025-10-31,9032.0,31040,경기도 안양시,경기BIS
GGB208000100,석수초등학교,37.4074,126.9000167,2025-10-31,9037.0,31040,경기도 안양시,경기BIS
GGB208000101,석수아이파크,37.4067667,126.9021167,2025-10-31,9049.0,31040,경기도 안양시,경기BIS
GGB208000102,럭키아파트,37.4085,126.9078,2025-10-31,9070.0,31040,경기도 안양시,경기BIS
GGB208000103,안양대교,37.4093,126.9110333,2025-10-31,9096.0,31040,경기도 안양시,경기BIS
GGB208000104,만안초교,37.4067833,126.915,2025-10-31,9123.0,31040,경기도 안양시,경기BIS
GGB208000105,안양여중고,37.40395,126.91735,2025-10-31,9131.0,31040,경기도 안양시,경기BIS
GGB208000106,석수아이파크,37.4065833,126.9020833,2025-10-31,9043.0,31040,경기도 안양시,경기BIS
GGB208000107,석수초등학교,37.40725,126.8999,2025-10-31,9036.0,31040,경기도 안양시,경기BIS
GGB208000108,충훈동행정복지센터.코오롱하늘채아파트,37.4075667,126.8988333,2025-10-31,9031.0,31040,경기도 안양시,경기BIS
GGB208000109,용강빌라,37.4071,126.8960333,2025-10-31,9023.0,31040,경기도 안양시,경기BIS
GGB208000110,청란공원,37.4080833,126.8947167,2025-10-31,9016.0,31040,경기도 안양시,경기BIS
GGB208000111,서조레스텔,37.39625,126.8947167,2025-10-31,9013.0,31040,경기도 안양시,경기BIS
GGB208000112,친목마을,37.4091,126.8835,2025-10-31,9003.0,31040,경기도 안양시,경기BIS
GGB208000113,호현마을,37.4072333,126.8849667,2025-10-31,9212.0,31040,경기도 안양시,경기BIS
GGB208000114,우체국사거리.안양초교.중화한방병원,37.3947833,126.9261833,2025-10-31,9162.0,31040,경기도 안양시,경기BIS
GGB208000115,안양역푸르지오더샵.비산대교,37.3971333,126.9306167,2025-10-31,9177.0,31040,경기도 안양시,경기BIS
GGB208000116,대림.LG.힐스테이트아파트(중),37.42975,126.9043333,2025-10-31,9056.0,31040,경기도 안양시,경기BIS
GGB208000117,원태우지사의거지.석수체육공원.자동차학원,37.422,126.9065833,2025-10-31,9060.0,31040,경기도 안양시,경기BIS
GGB208000118,동아제약물류센터,37.4181167,126.9070667,2025-10-31,9064.0,31040,경기도 안양시,경기BIS
GGB208000119,명학역,37.3846667,126.9349833,2025-10-31,9199.0,31040,경기도 안양시,경기BIS
GGB208000120,평성교회.호정타워,37.388,126.9337667,2025-10-31,9192.0,31040,경기도 안양시,경기BIS
GGB208000121,주접지하도.삼익아파트,37.3910667,126.9321,2025-10-31,9185.0,31040,경기도 안양시,경기BIS
GGB208000122,하이트타운아파트,37.3937667,126.93,2025-10-31,9175.0,31040,경기도 안양시,경기BIS
GGB208000123,남부시장,37.3966833,126.9266167,2025-10-31,9163.0,31040,경기도 안양시,경기BIS
GGB208000124,남부시장,37.3971833,126.92635,2025-10-31,9164.0,31040,경기도 안양시,경기BIS
GGB208000125,하이트타운아파트,37.3936333,126.93045,2025-10-31,9176.0,31040,경기도 안양시,경기BIS
GGB208000126,주접지하도.삼익아파트,37.3916333,126.9319833,2025-10-31,9184.0,31040,경기도 안양시,경기BIS
GGB208000127,평성교회.호정타워,37.3880167,126.9339833,2025-10-31,9193.0,31040,경기도 안양시,경기BIS
GGB208000128,명학역,37.3857833,126.9348333,2025-10-31,9197.0,31040,경기도 안양시,경기BIS
GGB208000129,연현초교,37.4261833,126.9027167,2025-10-31,9048.0,31040,경기도 안양시,경기BIS
GGB208000130,석수현대아파트.관악역,37.4171667,126.9083167,2025-10-31,9072.0,31040,경기도 안양시,경기BIS
GGB208000131,광명역자이타워,37.41935,126.88985,2025-10-31,9045.0,31040,경기도 안양시,경기BIS
GGB208000132,창박골,37.3843833,126.9023167,2025-10-31,9047.0,31040,경기도 안양시,경기BIS
GGB208000133,현대아파트.안양서중학교,37.3849,126.9037333,2025-10-31,9055.0,31040,경기도 안양시,경기BIS
GGB208000134,병목안삼거리,37.3860167,126.9064833,2025-10-31,9065.0,31040,경기도 안양시,경기BIS
GGB208000135,금용아파트.장은한양아파트,37.3887,126.9091833,2025-10-31,9085.0,31040,경기도 안양시,경기BIS
GGB208000136,뉴골든아파트,37.39,126.9097833,2025-10-31,9090.0,31040,경기도 안양시,경기BIS
GGB208000137,새마을,37.3925833,126.9094167,2025-10-31,9087.0,31040,경기도 안양시,경기BIS
GGB208000138,프라자아파트.안양예고입구,37.3946667,126.9126333,2025-10-31,9107.0,31040,경기도 안양시,경기BIS
GGB208000139,박석교.둔치주차장,37.40765,126.9104167,2025-10-31,9046.0,31040,경기도 안양시,경기BIS
GGB208000140,박석교.둔치주차장,37.4079,126.9105833,2025-10-31,9050.0,31040,경기도 안양시,경기BIS
GGB208000141,서조레스텔,37.3966833,126.8954833,2025-10-31,9051.0,31040,경기도 안양시,경기BIS
GGB208000142,안양도시농업체험농장,37.3887333,126.8848833,2025-10-31,9052.0,31040,경기도 안양시,경기BIS
GGB208000143,은평교회,37.3916833,126.9350667,2025-10-31,9198.0,31040,경기도 안양시,경기BIS
GGB208000144,태광전자,37.3904167,126.9377,2025-10-31,9204.0,31040,경기도 안양시,경기BIS
GGB208000145,광신프로그레스리버뷰아파트,37.3901667,126.9396167,2025-10-31,9211.0,31040,경기도 안양시,경기BIS
GGB208000146,광신프로그레스리버뷰아파트,37.3901167,126.9392667,2025-10-31,9210.0,31040,경기도 안양시,경기BIS
GGB208000147,태광전자,37.3903,126.93785,2025-10-31,9203.0,31040,경기도 안양시,경기BIS
GGB208000148,유토피아,37.3908833,126.9351,2025-10-31,9200.0,31040,경기도 안양시,경기BIS
GGB208000149,안양도시농업체험농장,37.3887,126.88505,2025-10-31,9143.0,31040,경기도 안양시,경기BIS
GGB208000150,박달과학화예비군훈련장,37.3885,126.8839333,2025-10-31,9148.0,31040,경기도 안양시,경기BIS
GGB208000151,서조체육시설,37.3943,126.8935,2025-10-31,9182.0,31040,경기도 안양시,경기BIS
GGB208000152,석수역(마을),37.4343833,126.90285,2025-10-31,9186.0,31040,경기도 안양시,경기BIS
GGB208000153,프라자아파트,37.3939167,126.9117,2025-10-31,9101.0,31040,경기도 안양시,경기BIS
GGB208000154,새마을,37.3925,126.9096,2025-10-31,9086.0,31040,경기도 안양시,경기BIS
GGB208000155,서안양우체국.국제나은병원,37.3929,126.9261,2025-10-31,9160.0,31040,경기도 안양시,경기BIS
GGB208000156,벽산상가.2001아울렛,37.3963667,126.9231667,2025-10-31,9151.0,31040,경기도 안양시,경기BIS
GGB208000157,안양중앙시장.안양고용센터,37.3993167,126.9207333,2025-10-31,9144.0,31040,경기도 안양시,경기BIS
GGB208000158,안양시외버스정류소.교보생명.댕리단길,37.40145,126.919,2025-10-31,9138.0,31040,경기도 안양시,경기BIS
GGB208000159,안양여중고.안양성결교회,37.4025667,126.9150833,2025-10-31,9124.0,31040,경기도 안양시,경기BIS
GGB208000160,박달사거리.박달문화센터,37.4024833,126.9113167,2025-10-31,9099.0,31040,경기도 안양시,경기BIS
GGB208000161,박달우성아파트,37.4024667,126.9083,2025-10-31,9075.0,31040,경기도 안양시,경기BIS
GGB208000162,호현동행정복지센터.한양수자인에듀파크,37.4023167,126.9054167,2025-10-31,9058.0,31040,경기도 안양시,경기BIS
GGB208000163,한라비발디아파트,37.4018833,126.9018,2025-10-31,9038.0,31040,경기도 안양시,경기BIS
GGB208000164,한일아파트.삼봉마을,37.4016667,126.8977667,2025-10-31,9028.0,31040,경기도 안양시,경기BIS
GGB208000165,충훈부입구.충훈2교,37.4026,126.8961333,2025-10-31,9024.0,31040,경기도 안양시,경기BIS
GGB208000166,노루페인트.대림한숲아파트,37.4048167,126.8917667,2025-10-31,9009.0,31040,경기도 안양시,경기BIS
GGB208000167,호현삼거리,37.4048,126.8866167,2025-10-31,9007.0,31040,경기도 안양시,경기BIS
GGB208000168,박달주유소,37.4042333,126.88535,2025-10-31,9005.0,31040,경기도 안양시,경기BIS
GGB208000169,코카콜라물류센터,37.40545,126.8905333,2025-10-31,9008.0,31040,경기도 안양시,경기BIS
GGB208000170,새마을금고,37.3829667,126.9317,2025-10-31,9183.0,31040,경기도 안양시,경기BIS
GGB208000171,안양8동,37.3831,126.9326667,2025-10-31,9187.0,31040,경기도 안양시,경기BIS
GGB208000172,성결대학교,37.3823,126.9306333,2025-10-31,9178.0,31040,경기도 안양시,경기BIS
GGB208000173,수안재,37.3828167,126.9289667,2025-10-31,9173.0,31040,경기도 안양시,경기BIS
GGB208000174,만안청소년수련관.태양철물,37.3835333,126.9284167,2025-10-31,9169.0,31040,경기도 안양시,경기BIS
GGB208000175,만안평생교육센터,37.3853,126.9273333,2025-10-31,9168.0,31040,경기도 안양시,경기BIS
GGB208000176,만안경찰서,37.3869833,126.9266333,2025-10-31,9166.0,31040,경기도 안양시,경기BIS
GGB208000177,안양세무서,37.3891333,126.9256833,2025-10-31,9158.0,31040,경기도 안양시,경기BIS
GGB208000178,소방서,37.3899,126.92535,2025-10-31,9156.0,31040,경기도 안양시,경기BIS
GGB208000179,삼성빌라,37.4018,126.9110667,2025-10-31,9094.0,31040,경기도 안양시,경기BIS
GGB208000180,진흥아파트,37.4004333,126.9126333,2025-10-31,9106.0,31040,경기도 안양시,경기BIS
GGB208000181,정우아파트,37.39815,126.91325,2025-10-31,9109.0,31040,경기도 안양시,경기BIS
GGB208000182,안양3동행정복지센터,37.3968,126.9141,2025-10-31,9114.0,31040,경기도 안양시,경기BIS
GGB208000183,성원아파트,37.3960833,126.91525,2025-10-31,9125.0,31040,경기도 안양시,경기BIS
GGB208000184,삼덕공원,37.3977,126.9171667,2025-10-31,9132.0,31040,경기도 안양시,경기BIS
GGB208000185,중앙시장.BYC안양오피스텔,37.39905,126.9188333,2025-10-31,9141.0,31040,경기도 안양시,경기BIS
GGB208000186,안양1번가.안양역,37.3981833,126.92215,2025-10-31,9147.0,31040,경기도 안양시,경기BIS
GGB208000187,삼덕공원,37.3984333,126.9182667,2025-10-31,9134.0,31040,경기도 안양시,경기BIS
GGB208000188,성원아파트,37.3959667,126.9154167,2025-10-31,9126.0,31040,경기도 안양시,경기BIS
GGB208000189,연성대학교,37.3964,126.9141667,2025-10-31,9116.0,31040,경기도 안양시,경기BIS
GGB208000190,정우아파트,37.3983833,126.9130167,2025-10-31,9108.0,31040,경기도 안양시,경기BIS
GGB208000191,진흥아파트,37.4003167,126.9124667,2025-10-31,9105.0,31040,경기도 안양시,경기BIS
GGB208000192,삼성빌라,37.4016333,126.9108667,2025-10-31,9095.0,31040,경기도 안양시,경기BIS
GGB208000193,충훈고교,37.4101,126.8921833,2025-10-31,9010.0,31040,경기도 안양시,경기BIS
GGB208000194,생태이야기관.안양그린마루,37.4174,126.8955833,2025-10-31,9020.0,31040,경기도 안양시,경기BIS
GGB208000195,생태이야기관.안양그린마루,37.41725,126.8957667,2025-10-31,9021.0,31040,경기도 안양시,경기BIS
GGB208000196,충훈고교,37.4102167,126.89235,2025-10-31,9011.0,31040,경기도 안양시,경기BIS
GGB208000197,안양사거리.청원놀이터,37.4033333,126.91945,2025-10-31,9140.0,31040,경기도 안양시,경기BIS
GGB208000198,충훈2교,37.4052833,126.8959167,2025-10-31,9022.0,31040,경기도 안양시,경기BIS
GGB208000199,어반포레자연앤e편한세상.성원5차,37.3899,126.9207833,2025-10-31,9191.0,31040,경기도 안양시,경기BIS
GGB208000200,병목안시민공원,37.38555,126.9064667,2025-10-31,9194.0,31040,경기도 안양시,경기BIS
GGB208000201,병목안로식당가,37.3805167,126.9059167,2025-10-31,9195.0,31040,경기도 안양시,경기BIS
GGB208000202,서초빌라,37.4043333,126.8989667,2025-10-31,9033.0,31040,경기도 안양시,경기BIS
GGB208000203,충훈2교,37.4045667,126.8962333,2025-10-31,9026.0,31040,경기도 안양시,경기BIS
GGB208000204,안양여중고,37.4044833,126.9164333,2025-10-31,9128.0,31040,경기도 안양시,경기BIS
GGB208000205,신협,37.4071,126.9142667,2025-10-31,9117.0,31040,경기도 안양시,경기BIS
GGB208000206,박달동행정복지센터,37.4045,126.9091833,2025-10-31,9083.0,31040,경기도 안양시,경기BIS
GGB208000207,청원놀이터,37.4032667,126.91885,2025-10-31,9217.0,31040,경기도 안양시,경기BIS
GGB208000208,충훈1교,37.4057667,126.9035833,2025-10-31,9044.0,31040,경기도 안양시,경기BIS
GGB208000209,충훈1교,37.4058333,126.90335,2025-10-31,9039.0,31040,경기도 안양시,경기BIS
GGB208000210,성은침례교회,37.3762,126.9054,2025-10-31,9196.0,31040,경기도 안양시,경기BIS
GGB208000211,수리산성지,37.3725167,126.9047833,2025-10-31,9219.0,31040,경기도 안양시,경기BIS
GGB208000212,수리산등산로입구,37.3649833,126.9016167,2025-10-31,9221.0,31040,경기도 안양시,경기BIS
GGB208000213,수리산성지,37.37215,126.90485,2025-10-31,9223.0,31040,경기도 안양시,경기BIS
GGB208000214,성은침례교회,37.37615,126.9055167,2025-10-31,9236.0,31040,경기도 안양시,경기BIS
GGB208000215,병목안로식당가,37.3805,126.9060167,2025-10-31,9353.0,31040,경기도 안양시,경기BIS
GGB208000216,병목안시민공원,37.3855,126.9065667,2025-10-31,9354.0,31040,경기도 안양시,경기BIS
GGB208000217,화창로,37.41425,126.9008833,2025-10-31,9355.0,31040,경기도 안양시,경기BIS
GGB208000218,화창로,37.4141333,126.9006833,2025-10-31,9356.0,31040,경기도 안양시,경기BIS
GGB208000219,래미안메가트리아1단지(마을),37.3961,126.9326667,2025-10-31,9357.0,31040,경기도 안양시,경기BIS
GGB208000230,성원아파트3동,37.3950667,126.9138167,2025-10-31,9216.0,31040,경기도 안양시,경기BIS
GGB208000233,관악장애인종합복지관,37.4117167,126.9209667,2025-10-31,9215.0,31040,경기도 안양시,경기BIS
GGB208000236,차고지입구,37.40905,126.8935,2025-10-31,9214.0,31040,경기도 안양시,경기BIS
GGB208000244,안양1번가,37.4004,126.9211667,2025-10-31,9220.0,31040,경기도 안양시,경기BIS
GGB208000245,현대아파트.안양서중학교,37.3851667,126.905,2025-10-31,9222.0,31040,경기도 안양시,경기BIS
GGB208000251,연현중학교,37.4287667,126.8986,2025-10-31,9225.0,31040,경기도 안양시,경기BIS
GGB208000252,래미안메가트리아상가앞.비산대교,37.3969167,126.9307167,2025-10-31,9347.0,31040,경기도 안양시,경기BIS
GGB208000254,포스빌.안양고용센터,37.3984333,126.9214833,2025-10-31,9237.0,31040,경기도 안양시,경기BIS
GGB208000255,석수역,37.4336667,126.9021167,2025-10-31,9228.0,31040,경기도 안양시,경기BIS
GGB208000256,현진에버빌아파트,37.4311,126.9026167,2025-10-31,9230.0,31040,경기도 안양시,경기BIS
GGB208000257,LG아파트,37.4291667,126.9030167,2025-10-31,9227.0,31040,경기도 안양시,경기BIS
GGB208000258,석수하우스토리아파트,37.42715,126.9035167,2025-10-31,9229.0,31040,경기도 안양시,경기BIS
GGB208000260,사회복지관,37.3934667,126.9085,2025-10-31,9234.0,31040,경기도 안양시,경기BIS
GGB208000261,사회복지관,37.3932167,126.9086167,2025-10-31,9235.0,31040,경기도 안양시,경기BIS
GGB208000262,효성아파트입구,37.3925167,126.9047167,2025-10-31,9233.0,31040,경기도 안양시,경기BIS
GGB208000263,효성아파트입구,37.3926,126.905,2025-10-31,9232.0,31040,경기도 안양시,경기BIS
GGB208000264,효성아파트.종점,37.39265,126.9035167,2025-10-31,9231.0,31040,경기도 안양시,경기BIS
GGB208000265,LG아파트후문,37.4305333,126.8990667,2025-10-31,9238.0,31040,경기도 안양시,경기BIS
GGB208000266,석수하수처리장.안양그린마루,37.4166167,126.8974167,2025-10-31,9243.0,31040,경기도 안양시,경기BIS
GGB208000267,안양그린마루.석수하수처리장,37.4168,126.8969833,2025-10-31,9244.0,31040,경기도 안양시,경기BIS
GGB208000268,영풍아파트,37.4133167,126.9045833,2025-10-31,9245.0,31040,경기도 안양시,경기BIS
GGB208000269,영풍아파트,37.41345,126.90515,2025-10-31,9246.0,31040,경기도 안양시,경기BIS
GGB208000270,석수도서관,37.4125333,126.9060333,2025-10-31,9247.0,31040,경기도 안양시,경기BIS
GGB208000271,석수도서관,37.41175,126.9062333,2025-10-31,9248.0,31040,경기도 안양시,경기BIS
GGB208000272,주공뜨란체정문,37.4006,126.9272667,2025-10-31,9249.0,31040,경기도 안양시,경기BIS
GGB208000273,덕천교,37.3942667,126.9366167,2025-10-31,9250.0,31040,경기도 안양시,경기BIS
GGB208000274,덕천초등학교.아이에스비즈타워,37.3928167,126.9368167,2025-10-31,9251.0,31040,경기도 안양시,경기BIS
GGB208000275,아이에스비즈타워.덕천초등학교,37.3926833,126.9368833,2025-10-31,9252.0,31040,경기도 안양시,경기BIS
GGB208000276,덕천교,37.3945,126.9366333,2025-10-31,9253.0,31040,경기도 안양시,경기BIS
GGB208000277,래미안메가트리아2단지,37.3955,126.9346,2025-10-31,9254.0,31040,경기도 안양시,경기BIS
GGB208000278,래미안메가트리아2단지,37.39525,126.9345333,2025-10-31,9255.0,31040,경기도 안양시,경기BIS
GGB208000279,메가트리아북문,37.3958667,126.9311167,2025-10-31,9256.0,31040,경기도 안양시,경기BIS
GGB208000280,고용노동부안양지청.명학자동차운전전문학원,37.3862,126.9382,2025-10-31,9351.0,31040,경기도 안양시,경기BIS
GGB208000281,성결대학교.안양아트센터.명학역,37.3850167,126.9326833,2025-10-31,9257.0,31040,경기도 안양시,경기BIS
GGB208000282,안양중앙시장,37.3978667,126.9219667,2025-10-31,9218.0,31040,경기도 안양시,경기BIS
GGB208000283,명학역,37.3852167,126.9358833,2025-10-31,9188.0,31040,경기도 안양시,경기BIS
GGB208000284,두산위브아파트,37.4325833,126.8999833,2025-10-31,9226.0,31040,경기도 안양시,경기BIS
GGB208000285,보건소.만안구청,37.3859333,126.9326833,2025-10-31,9340.0,31040,경기도 안양시,경기BIS
GGB208000286,보건소.만안구청,37.3861833,126.9328667,2025-10-31,9339.0,31040,경기도 안양시,경기BIS
GGB208000287,래미안메가트리아1단지,37.3966167,126.9314333,2025-10-31,9034.0,31040,경기도 안양시,경기BIS
GGB208000288,안양역시외버스터미널,37.40115,126.9218167,2025-10-31,9242.0,31040,경기도 안양시,경기BIS
GGB208000289,안양역시외버스터미널,37.4011,126.9218,2025-10-31,9239.0,31040,경기도 안양시,경기BIS
GGB208000290,충훈터널.석수도서관,37.41145,126.90665,2025-10-31,9258.0,31040,경기도 안양시,경기BIS
GGB208000291,안양해솔학교,37.4331,126.9142333,2025-10-31,9118.0,31040,경기도 안양시,경기BIS
GGB208000292,장애인복지회관후문,37.41345,126.9200167,2025-10-31,9181.0,31040,경기도 안양시,경기BIS
GGB208000294,금호아파트,37.39945,126.9004167,2025-10-31,9262.0,31040,경기도 안양시,경기BIS
GGB208000295,박달초교.안양고교,37.4003833,126.9023833,2025-10-31,9263.0,31040,경기도 안양시,경기BIS
GGB208000296,열린문교회,37.4015167,126.9050167,2025-10-31,9264.0,31040,경기도 안양시,경기BIS
GGB208000297,어반포레자연앤e편한세상.찬우물,37.3919,126.9238833,2025-10-31,9265.0,31040,경기도 안양시,경기BIS
GGB208000298,어반포레자연앤e편한세상.찬우물,37.3922167,126.9237833,2025-10-31,9266.0,31040,경기도 안양시,경기BIS
GGB208000299,안양대학교,37.3932167,126.9215833,2025-10-31,9267.0,31040,경기도 안양시,경기BIS
GGB208000300,근명고등학교,37.3940333,126.9198667,2025-10-31,9268.0,31040,경기도 안양시,경기BIS
GGB208000301,안양병원,37.3937333,126.9243333,2025-10-31,9269.0,31040,경기도 안양시,경기BIS
GGB208000302,성원상떼빌1차,37.3946833,126.91715,2025-10-31,9270.0,31040,경기도 안양시,경기BIS
GGB208000303,성원상떼빌1차,37.3944167,126.9168833,2025-10-31,9271.0,31040,경기도 안양시,경기BIS
GGB208000304,안양예술공원사거리,37.4163333,126.9177833,2025-10-31,9272.0,31040,경기도 안양시,경기BIS
GGB208000305,안양예술공원사거리,37.4162833,126.9176,2025-10-31,9273.0,31040,경기도 안양시,경기BIS
GGB208000306,만안초등학교,37.4064833,126.9179333,2025-10-31,9274.0,31040,경기도 안양시,경기BIS
GGB208000307,석수시장.북부새마을금고,37.4128,126.9092,2025-10-31,9259.0,31040,경기도 안양시,경기BIS
GGB208000308,육군7688부대,37.39285,126.8912333,2025-10-31,9275.0,31040,경기도 안양시,경기BIS
GGB208000309,박달초교.안양고교,37.4003333,126.9026833,2025-10-31,9276.0,31040,경기도 안양시,경기BIS
GGB208000310,박달삼거리,37.4022,126.9061167,2025-10-31,9277.0,31040,경기도 안양시,경기BIS
GGB208000311,안양2동행정복지센터,37.4050333,126.9188667,2025-10-31,9278.0,31040,경기도 안양시,경기BIS
GGB208000312,명학역,37.3849167,126.9361667,2025-10-31,9260.0,31040,경기도 안양시,경기BIS
GGB208000313,샛별한양아파트.한양스포츠센터,37.3959333,126.9478667,2025-10-31,9279.0,31040,경기도 안양시,경기BIS
GGB208000314,안양시외버스정류장(하행),37.4019,126.9186,2025-10-31,9240.0,31040,경기도 안양시,경기BIS
GGB208000315,안양시외버스정류장(상행),37.4019667,126.919,2025-10-31,9241.0,31040,경기도 안양시,경기BIS
GGB208000316,안양7동행정복지센터,37.39155,126.934,2025-10-31,9280.0,31040,경기도 안양시,경기BIS
GGB208000317,안양7동행정복지센터,37.3913333,126.9340167,2025-10-31,9281.0,31040,경기도 안양시,경기BIS
GGB208000318,안양7동복지회관,37.38915,126.93445,2025-10-31,9282.0,31040,경기도 안양시,경기BIS
GGB208000319,안양7동복지회관,37.3892,126.9346,2025-10-31,9283.0,31040,경기도 안양시,경기BIS
GGB208000320,명학역,37.38615,126.9355333,2025-10-31,9284.0,31040,경기도 안양시,경기BIS
GGB208000321,명학역,37.3857833,126.93585,2025-10-31,9285.0,31040,경기도 안양시,경기BIS
GGB208000322,명학성당,37.3845333,126.9302167,2025-10-31,9286.0,31040,경기도 안양시,경기BIS
GGB208000323,만안경찰서사거리,37.3879,126.9293,2025-10-31,9287.0,31040,경기도 안양시,경기BIS
GGB208000324,소방서,37.3906333,126.9251167,2025-10-31,9288.0,31040,경기도 안양시,경기BIS
GGB208000325,안양대학교,37.393,126.9217,2025-10-31,9289.0,31040,경기도 안양시,경기BIS
GGB208000326,근명고등학교,37.3939,126.9198667,2025-10-31,9290.0,31040,경기도 안양시,경기BIS
GGB208000327,안일초등학교,37.4040167,126.9233,2025-10-31,9291.0,31040,경기도 안양시,경기BIS
GGB208000328,신성중학교.씨엘포레자이아파트,37.3886667,126.9245833,2025-10-31,9292.0,31040,경기도 안양시,경기BIS
GGB208000329,성원상떼빌,37.3944667,126.9187,2025-10-31,9293.0,31040,경기도 안양시,경기BIS
GGB208000330,성원상떼빌,37.3946333,126.9186667,2025-10-31,9294.0,31040,경기도 안양시,경기BIS
GGB208000331,신안초등학교.우성아파트,37.3919,126.9140667,2025-10-31,9295.0,31040,경기도 안양시,경기BIS
GGB208000332,신안초등학교.우성아파트,37.3919833,126.91415,2025-10-31,9296.0,31040,경기도 안양시,경기BIS
GGB277104354,차고지(미정차),37.39725,126.9726333,2025-10-31,0.0,31040,경기도 안양시,경기BIS
GGB277104355,차고지(미정차),37.39735,126.9726167,2025-10-31,0.0,31040,경기도 안양시,경기BIS
GGB277104392,석수동버스공영차고지(미정차),37.4202167,126.8949833,2025-10-31,0.0,31040,경기도 안양시,경기BIS
GGB277104406,석수주유소삼거리(미정차),37.4206833,126.9070333,2025-10-31,0.0,31040,경기도 안양시,경기BIS
GGB277102746,충훈부차고지(미정차),37.4094167,126.8934167,2025-10-31,0.0,31040,경기도 안양시,경기BIS
GGB277102749,관악역(미정차),37.4178167,126.9066667,2025-10-31,0.0,31040,경기도 안양시,경기BIS
GGB277102750,비산교(미정차),37.3964,126.9391167,2025-10-31,0.0,31040,경기도 안양시,경기BIS
GGB277102751,안양대교사거리(미정차),37.4096833,126.91215,2025-10-31,0.0,31040,경기도 안양시,경기BIS
GGB277102753,석수역(미정차),37.4305667,126.9038333,2025-10-31,0.0,31040,경기도 안양시,경기BIS
GGB277104742,시경계(미정차),37.43795,126.9145667,2025-10-31,0.0,31040,경기도 안양시,경기BIS
GGB277102912,광명역IC진입(미정차),37.4074667,126.8800167,2025-10-31,0.0,31040,경기도 안양시,경기BIS
GGB277102913,광명역IC출입(미정차),37.4073667,126.8802333,2025-10-31,0.0,31040,경기도 안양시,경기BIS
GGB277102915,일직JC(미정차),37.4234167,126.8949667,2025-10-31,0.0,31040,경기도 안양시,경기BIS
GGB277102917,석수IC(미정차),37.4237833,126.9001833,2025-10-31,0.0,31040,경기도 안양시,경기BIS
GGB277103081,경원여객안양차고지(미정차),37.3865667,126.9446,2025-10-31,0.0,31040,경기도 안양시,경기BIS
GGB277103100,평촌차고지(미정차),37.3976,126.9691833,2025-10-31,0.0,31040,경기도 안양시,경기BIS
GGB277103101,평촌차고지(미정차),37.3975167,126.9691333,2025-10-31,0.0,31040,경기도 안양시,경기BIS
GGB277103103,국토연구원사거리(미정차),37.39435,126.9599167,2025-10-31,0.0,31040,경기도 안양시,경기BIS
GGB277103105,시청사거리(미정차),37.39285,126.9554667,2025-10-31,0.0,31040,경기도 안양시,경기BIS
GGB277103146,평촌IC(미정차),37.38175,126.96505,2025-10-31,0.0,31040,경기도 안양시,경기BIS
GGB277103147,평촌IC(미정차),37.3820833,126.9654833,2025-10-31,0.0,31040,경기도 안양시,경기BIS
GGB277104911,차고지(미정차),37.3843167,126.9016167,2025-10-31,0.0,31040,경기도 안양시,경기BIS
GGB277103208,광명역IC(미정차),37.4040833,126.8795667,2025-10-31,0.0,31040,경기도 안양시,경기BIS
GGB277103209,광명역IC(미정차),37.4045167,126.8798,2025-10-31,0.0,31040,경기도 안양시,경기BIS
GGB277101737,명학대교사거리(미정차),37.38395,126.9408667,2025-10-31,0.0,31040,경기도 안양시,경기BIS
GGB277101770,원평노블레스5차(미정차),37.4037167,126.9202333,2025-10-31,0.0,31040,경기도 안양시,경기BIS
GGB277101779,방축사거리(미정차),37.38315,126.9528,2025-10-31,0.0,31040,경기도 안양시,경기BIS
GGB277101798,석수역(미정차),37.43105,126.9041833,2025-10-31,0.0,31040,경기도 안양시,경기BIS
GGB277102002,비산교(미정차),37.3961667,126.9388,2025-10-31,0.0,31040,경기도 안양시,경기BIS
GGB277102195,샛별마을한양6단지(미정차),37.39525,126.9488833,2025-10-31,0.0,31040,경기도 안양시,경기BIS
GGB277102196,학운교(미정차),37.3988833,126.9453,2025-10-31,0.0,31040,경기도 안양시,경기BIS
GGB277103822,양명고교(미정차),37.4074667,126.9230833,2025-10-31,0.0,31040,경기도 안양시,경기BIS
GGB277102408,양명고교(미정차),37.4075167,126.9226,2025-10-31,0.0,31040,경기도 안양시,경기BIS
GGB277102421,석수동버스공영차고지(미정차),37.4199333,126.89515,2025-10-31,0.0,31040,경기도 안양시,경기BIS
