inst_nm,sigun_nm,refine_road_nm_addr,refine_lotno_addr,refine_zipno,rprs_telno_info,mon_bgng_treat_hr,mon_end_treat_hr,tue_bgng_treat_hr,tue_end_treat_hr,wed_bgng_treat_hr,wed_end_treat_hr,thu_bgng_treat_hr,thu_end_treat_hr,fri_bgng_treat_hr,fri_end_treat_hr,sat_bgng_treat_hr,sat_end_treat_hr,sun_bgng_treat_hr,sun_end_treat_hr,holdy_bgng_treat_hr,holdy_end_treat_hr,refine_wgs84_lat,refine_wgs84_logt
1(일)약국,안양시,경기도 안양시 만안구 박달로 518,경기도 안양시 만안구 박달동 68-16번지,14009,031-468-3354,09:00,20:00,09:00,20:00,09:00,20:00,09:00,20:00,09:00,20:00,09:00,17:00,,,,,37.4024396,126.9102165
100세건강약국,안양시,경기도 안양시 만안구 안양로 408,경기도 안양시 만안구 안양동 856-4번지 1층,13989,031-465-1320,09:00,21:00,09:00,21:00,09:00,21:00,09:00,21:00,09:00,21:00,09:00,20:00,,,,,37.4071497,126.9148462
1번약국,안양시,경기도 안양시 만안구 현충로48번길 57,경기도 안양시 만안구 안양동 447-10번지,14030,031-466-0521,08:30,18:00,08:30,18:00,08:30,18:00,08:30,18:00,08:30,18:00,08:30,14:00,,,,,37.3930443,126.9242309
2층리본약국,안양시,경기도 안양시 동안구 평촌대로217번길 45,경기도 안양시 동안구 호계동 1050번지 평촌코아주차빌딩 208호,14072,031-381-6366,10:00,20:00,10:00,20:00,10:00,20:00,10:00,20:00,10:00,20:00,09:00,16:00,,,,,37.3899654,126.9535357
2층약국,안양시,경기도 안양시 동안구 경수대로 428,경기도 안양시 동안구 호계동 873번지 덕유파크 214호,14126,031-427-1350,09:00,18:00,09:00,18:00,09:00,18:00,09:00,18:00,09:00,18:00,,,,,,,37.3622442,126.9624999
365달빛약국,안양시,경기도 안양시 동안구 경수대로 876,"경기도 안양시 동안구 비산동 422-12번지 1층 일부(4,5)호",13954,031-385-3856,09:00,18:00,09:00,18:00,09:00,18:00,09:00,18:00,09:00,18:00,09:00,13:00,,,,,37.3966218,126.9390488
365박달온누리약국,안양시,경기도 안양시 만안구 양화로 112,경기도 안양시 만안구 박달동 19-4번지 상민빌딩 101호,13987,031-465-3512,08:00,22:00,08:00,22:00,08:00,22:00,08:00,22:00,08:00,22:00,09:00,20:00,09:00,19:00,09:00,19:00,37.402757,126.9105982
365스마일약국,안양시,경기도 안양시 동안구 평촌대로217번길 27,경기도 안양시 동안구 호계동 1049번지 백두프라자 1층 108호,14072,031-381-8864,09:00,18:00,09:00,18:00,09:00,18:00,09:00,18:00,09:00,18:00,09:00,13:00,,,,,37.3903288,126.9541431
365올바른약국,안양시,경기도 안양시 만안구 태평로52번길 21,경기도 안양시 만안구 안양동 1391번지 마드리드 상가 1층,14037,031-464-7511,08:30,20:00,08:30,20:00,08:30,20:00,08:30,20:00,08:30,20:00,08:00,18:00,10:00,18:00,,,37.3955263,126.9304934
365케어약국,안양시,경기도 안양시 만안구 관악대로 54,경기도 안양시 만안구 안양동 1389번지 105호,14037,031-464-0320,09:00,18:00,09:00,18:00,09:00,18:00,09:00,18:00,09:00,18:00,09:00,13:00,,,,,37.3967714,126.9307325
4층가까운약국,안양시,경기도 안양시 동안구 시민대로 202,경기도 안양시 동안구 호계동 1042번지 에메랄드빌딩 4층 402호,14072,031-382-8248,09:00,18:30,09:00,18:30,09:00,18:30,09:00,18:30,09:00,18:30,09:00,13:30,,,,,37.3914885,126.9534795
4층약국,안양시,경기도 안양시 동안구 흥안대로 527,경기도 안양시 동안구 관양동 1502번지 스타타워빌딩 406호,13951,070-8211-1017,09:00,18:00,09:00,18:00,09:00,18:00,09:00,18:00,09:00,18:00,09:00,13:00,09:00,13:00,09:00,13:00,37.4011185,126.9761308
6층성모약국,안양시,경기도 안양시 동안구 동안로 120,경기도 안양시 동안구 호계동 1051번지 평촌스포츠센타 610호,14072,031-476-8221,07:30,18:30,07:30,18:30,07:30,18:30,07:30,18:30,07:30,18:30,08:00,15:00,,,,,37.3895629,126.9522508
7층은약국,안양시,경기도 안양시 동안구 시민대로 175,경기도 안양시 동안구 비산동 1108-1번지 동안프라자빌딩 704-1호,14048,031-383-2461,09:00,18:00,09:00,18:00,09:00,18:00,09:00,18:00,09:00,18:00,09:00,13:00,,,,,37.3913481,126.950419
LG청룡약국,안양시,경기도 안양시 만안구 연현로79번길 41,"경기도 안양시 만안구 석수동 415-2번지 석수 엘지 빌리지 상가동 534동 101,102호",13903,031-472-4487,09:00,21:00,09:00,21:00,09:00,21:00,09:00,21:00,09:00,21:00,09:00,19:00,,,10:00,17:00,37.4305273,126.9014851
The나은약국,안양시,경기도 안양시 동안구 부림로 188,경기도 안양시 동안구 관양동 1123-1번지 청용빌딩 1층 104호,14055,031-421-4613,09:00,21:00,09:00,21:00,09:00,21:00,09:00,21:00,09:00,21:00,09:00,16:00,13:00,18:00,,,37.3997013,126.9616224
e편한약국,안양시,경기도 안양시 만안구 경수대로 1201,경기도 안양시 만안구 석수동 182-2번지 석수대림아파트 상가 211호,13961,031-471-2830,09:00,18:30,09:00,18:30,09:00,18:30,09:00,18:30,09:00,18:30,09:00,13:30,,,,,37.4160077,126.9143479
가까운약국,안양시,경기도 안양시 만안구 안양로 225,경기도 안양시 만안구 안양동 445-1번지,14030,031-468-5566,08:30,18:00,08:30,18:00,08:30,18:00,08:30,18:00,08:30,18:00,08:30,13:00,,,,,37.3932575,126.9254381
건강약국,안양시,경기도 안양시 동안구 동편로 6,경기도 안양시 동안구 관양동 1725-1번지 스마트프라자 110호,13929,031-421-3707,09:00,20:30,09:00,20:30,09:00,20:30,09:00,20:30,09:00,20:30,09:00,19:00,,,,,37.4055686,126.9714671
건인약국,안양시,경기도 안양시 동안구 인덕원로24번길 56,경기도 안양시 동안구 관양동 1496번지,13951,031-423-1185,10:00,22:30,10:00,22:30,10:00,22:30,10:00,22:30,10:00,22:30,10:00,22:30,,,,,37.3999156,126.9752014
경희다미원한약국,안양시,경기도 안양시 만안구 창박로 41,경기도 안양시 만안구 안양동 1088-1번지 포거스라인프라자 303호,14025,031-444-7582,10:00,18:00,10:00,18:00,10:00,18:00,10:00,18:00,10:00,18:00,10:00,14:00,,,,,37.3842124,126.9027458
경희약국,안양시,,경기도 안양시 만안구 만안로 287,,031-449-9368,08:30,22:00,08:30,22:00,08:30,22:00,08:30,22:00,08:30,22:00,08:30,21:00,,,08:30,22:00,,
경희양춘당한약국,안양시,경기도 안양시 만안구 석천로 172,경기도 안양시 만안구 석수동 305-3번지 성우빌딩 1층,13969,031-441-6762,11:00,20:00,11:00,20:00,11:00,20:00,11:00,20:00,11:00,20:00,11:00,16:00,,,,,37.4120114,126.9082769
경희한약국,안양시,경기도 안양시 만안구 안양로 324,경기도 안양시 만안구 안양동 1195-48번지 1층,13992,031-468-9742,09:00,20:00,09:00,20:00,09:00,20:00,09:00,20:00,09:00,20:00,09:00,20:00,,,,,37.4010375,126.9201588
고약국,안양시,경기도 안양시 동안구 경수대로 529,경기도 안양시 동안구 호계동 968-2번지 1층,14120,031-455-7861,09:30,19:30,09:30,19:30,09:30,19:30,09:30,19:30,09:30,19:30,09:30,15:00,,,,,37.3699919,126.9576448
고운온누리약국,안양시,경기도 안양시 동안구 시민대로 317,경기도 안양시 동안구 관양동 1746-2번지 대한스마트타워 110호,14055,031-422-3153,10:00,18:00,10:00,18:00,10:00,18:00,10:00,18:00,10:00,18:00,,,,,,,37.3962661,126.9653752
곰약국,안양시,경기도 안양시 만안구 안양로510번길 18,경기도 안양시 만안구 석수동 274-1번지,13964,031-472-0606,09:00,21:30,09:00,21:30,09:00,21:30,09:00,21:30,09:00,21:30,09:00,21:30,,,,,37.4151528,126.9091902
관악약국,안양시,경기도 안양시 만안구 경수대로 1259,경기도 안양시 만안구 석수동 104-150번지 해동빌딩 1층 103호,13960,031-472-3214,09:00,15:00,09:00,15:00,09:00,15:00,09:00,15:00,09:00,15:00,,,,,,,37.4197502,126.9092784
관양온누리약국,안양시,경기도 안양시 동안구 관악대로 387,"경기도 안양시 동안구 관양동 1432-8번지 1층 101,102호",13939,031-421-1320,09:00,21:00,09:00,21:00,09:00,21:00,09:00,21:00,09:00,21:00,09:00,16:00,09:00,14:00,09:00,14:00,37.4049303,126.9658221
관양우리약국,안양시,경기도 안양시 동안구 관평로 313,경기도 안양시 동안구 관양동 1400-4번지 1층,13936,031-381-2221,09:00,18:00,09:00,18:00,09:00,18:00,09:00,18:00,09:00,18:00,09:00,13:30,,,,,37.4041967,126.9571497
광성약국,안양시,경기도 안양시 만안구 안양로405번길 14,경기도 안양시 만안구 안양동 835-6번지 1층,13985,031-445-2881,09:00,21:00,09:00,21:00,09:00,21:00,09:00,21:00,09:00,21:00,09:00,21:00,13:00,21:00,13:00,21:00,37.4066672,126.9138782
굿모닝약국,안양시,경기도 안양시 동안구 시민대로 175,경기도 안양시 동안구 비산동 1108-1번지 동안프라자 314호,14048,031-476-1723,09:00,18:30,09:00,18:30,09:00,18:30,09:00,18:30,09:00,18:30,09:00,14:30,,,,,37.3913481,126.950419
그린프라자약국,안양시,경기도 안양시 동안구 경수대로 558,경기도 안양시 동안구 호계동 995-5번지 1층,14112,031-455-7900,09:00,22:00,09:00,22:00,09:00,22:00,09:00,22:00,09:00,22:00,09:00,22:00,09:00,21:00,09:30,21:00,37.3725273,126.9582138
금정약국,안양시,,경기도 안양시 동안구 비산동 1101-2번지 샛별한양아파트에이상가 101호,14043,031-383-1446,09:30,20:30,09:30,20:30,09:30,20:30,09:30,20:30,09:30,20:30,09:30,19:30,,,,,37.3968422,126.9494977
기원약국,안양시,경기도 안양시 동안구 시민대로327번길 6,경기도 안양시 동안구 관양동 1019-5번지 W에이스타워 111호,14055,031-454-9902,09:00,20:30,09:00,20:30,09:00,20:30,09:00,20:30,09:00,20:30,09:00,17:00,,,,,37.3966069,126.9669997
길약국,안양시,경기도 안양시 동안구 비산로 21,경기도 안양시 동안구 비산동 554-9번지 자이파크몰 1층 102호,13925,031-443-4874,09:00,18:00,09:00,18:00,09:00,18:00,09:00,18:00,09:00,18:00,09:00,13:00,,,,,37.4000254,126.9326286
나라온누리약국,안양시,경기도 안양시 동안구 평촌대로243번길 30,경기도 안양시 동안구 비산동 1110-1번지 샤크존빌딩 1층 A138호,14047,031-476-0224,09:00,20:00,09:00,20:00,09:00,20:00,09:00,20:00,09:00,20:00,09:00,16:30,,,,,37.3928385,126.9530404
나우(now)백화점약국,안양시,경기도 안양시 만안구 안양로 300,경기도 안양시 만안구 안양동 674-122번지 1층 일부호,13992,031-441-8846,09:00,21:00,09:00,21:00,09:00,21:00,09:00,21:00,09:00,21:00,09:00,21:00,10:00,21:00,10:00,21:00,37.3991244,126.9215406
나은온누리약국,안양시,경기도 안양시 만안구 안양로223번길 5,경기도 안양시 만안구 안양동 456-1번지,14030,031-443-5111,09:00,19:30,09:00,19:30,09:00,19:30,09:00,19:30,09:00,19:30,09:00,14:00,,,,,37.3929072,126.9257119
노들약국,안양시,경기도 안양시 만안구 냉천로 125,경기도 안양시 만안구 안양동 618-12번지 안양어반포레자연앤이편한세상3단지 3-3상가동 201호,14029,031-443-3001,09:00,21:00,09:00,21:00,09:00,21:00,09:00,21:00,09:00,21:00,09:00,18:00,09:00,18:00,09:00,18:00,37.3909504,126.9218294
뉴그랜드약국,안양시,경기도 안양시 동안구 관평로 315-1,경기도 안양시 동안구 관양동 1399-2번지 1층,13936,031-476-2361,09:00,19:30,09:00,19:30,09:00,19:30,09:00,19:30,09:00,19:30,09:00,16:00,,,,,37.4046298,126.957237
뉴키즈맘약국,안양시,경기도 안양시 동안구 관악대로 272,경기도 안양시 동안구 비산동 1059번지 키즈맘센터 A동 117호,13944,031-383-9961,09:00,19:00,09:00,19:00,09:00,19:00,09:00,19:00,09:00,19:00,09:00,16:00,,,,,37.401861,126.9529861
늘벗온누리약국,안양시,경기도 안양시 동안구 관평로 319,경기도 안양시 동안구 관양동 1397-9번지 상이상가 105호,13936,031-422-6873,09:00,18:30,09:00,18:30,09:00,18:30,09:00,18:30,09:00,18:30,09:00,14:00,10:00,13:00,,,37.4051985,126.9574363
늘봄약국,안양시,경기도 안양시 만안구 박달로 531,경기도 안양시 만안구 박달동 74-10번지,13987,031-465-0111,09:00,22:30,09:00,22:30,09:00,22:30,09:00,22:30,09:00,22:30,09:00,22:30,09:00,22:30,,,37.402763,126.9118184
늘편한약국,안양시,경기도 안양시 만안구 안양로 307,경기도 안양시 만안구 안양동 676-7번지 금상타워 103호,14001,031-466-1237,09:00,18:00,09:00,18:00,09:00,18:00,09:00,18:00,09:00,18:00,09:00,13:00,,,,,37.3992548,126.920568
다나약국,안양시,,경기도 안양시 만안구 석수동 277-2번지,13963,031-471-1599,09:00,21:00,09:00,21:00,09:00,21:00,09:00,21:00,09:00,21:00,09:00,18:00,,,,,37.4149777,126.9084231
다보온누리약국,안양시,,경기도 안양시 만안구 안양동 1393번지 래미안안양메가트리아 지하1층,14038,031-446-3936,09:00,20:00,09:00,20:00,09:00,20:00,09:00,20:00,09:00,20:00,09:00,16:00,,,,,37.3928844,126.9340494
다사랑약국,안양시,경기도 안양시 동안구 관악대로 472,경기도 안양시 동안구 관양동 1487-20번지,13950,031-423-5125,09:00,21:00,09:00,21:00,09:00,21:00,09:00,21:00,09:00,21:00,09:00,21:00,,,09:00,17:00,37.4030225,126.9745809
다정약국,안양시,,"경기도 안양시 동안구 관평로 305, 102호 (관양동)",,031-388-5557,09:00,15:00,09:00,15:00,09:00,15:00,09:00,15:00,09:00,15:00,09:00,15:00,,,,,,
다정약국,안양시,경기도 안양시 만안구 안양로 119,경기도 안양시 만안구 안양동 548-1번지 계양빌딩 1층,14093,031-464-7588,09:00,18:00,09:00,18:00,09:00,18:00,09:00,18:00,09:00,18:00,,,,,,,37.3853127,126.9321521
대림약국,안양시,경기도 안양시 만안구 안양로 97,경기도 안양시 만안구 안양동 574-1번지,14093,031-449-8005,08:30,21:30,08:30,21:30,08:30,21:30,08:30,21:30,08:30,21:30,08:30,20:30,,,09:00,20:00,37.3836706,126.9336781
대명약국,안양시,경기도 안양시 동안구 평촌대로223번길 64,경기도 안양시 동안구 호계동 1045-2번지 제일빌딩 1층,14072,031-385-8596,09:00,22:00,09:00,22:00,09:00,22:00,09:00,22:00,09:00,22:00,09:00,22:00,,,,,37.3905184,126.9522552
대성약국,안양시,경기도 안양시 만안구 와룡로28번길 14,경기도 안양시 만안구 석수동 781-1번지,13974,031-471-4726,08:30,19:00,08:30,19:00,08:30,19:00,08:30,19:00,08:30,19:00,08:30,16:00,,,08:30,14:00,37.406789,126.8986571
대웅약국,안양시,경기도 안양시 동안구 관평로 330,경기도 안양시 동안구 관양동 1408번지 광명빌딩 1층,13931,031-384-8000,09:00,21:00,09:00,21:00,09:00,21:00,09:00,21:00,09:00,21:00,09:00,20:30,,,,,37.4056341,126.9580659
대원약국,안양시,경기도 안양시 동안구 귀인로 253,경기도 안양시 동안구 평촌동 898-6번지 초원아파트대원상가 137-1호,14070,031-385-0078,09:00,20:00,09:00,20:00,09:00,20:00,09:00,20:00,09:00,20:00,09:00,18:00,,,10:00,21:00,37.3876725,126.9666111
대학당약국,안양시,경기도 안양시 동안구 경수대로 556,경기도 안양시 동안구 호계동 996번지 1층,14112,031-453-5454,09:00,22:00,09:00,22:00,09:00,22:00,09:00,22:00,09:00,22:00,09:00,22:00,,,09:00,21:00,37.3722654,126.9581027
대한약국,안양시,경기도 안양시 동안구 흥안대로223번길 43,경기도 안양시 동안구 호계동 1121번지 대우한양아파트 상가 121호,14106,031-458-3248,09:00,19:00,09:00,19:00,09:00,19:00,09:00,19:00,09:00,19:00,09:00,15:00,,,,,37.3761472,126.965326
덕천태평양약국,안양시,경기도 안양시 만안구 태평로52번길 47,경기도 안양시 만안구 안양동 1389-3번지 덕천디스퀘어 103호,14037,031-443-7605,09:30,19:30,09:30,19:30,09:30,19:30,09:30,19:30,09:30,19:30,,,,,,,37.3963969,126.931594
도움온누리약국,안양시,경기도 안양시 동안구 동안로 194,경기도 안양시 동안구 비산동 1101-2번지 한양스포츠센타 2층 209호,14043,031-388-5750,09:00,16:00,09:00,16:00,09:00,16:00,09:00,16:00,09:00,16:00,09:00,16:00,,,,,37.39584,126.9491435
독도는우리땅약국,안양시,경기도 안양시 만안구 안양로 445,경기도 안양시 만안구 석수동 314-10번지,13970,031-474-1221,09:00,19:00,09:00,19:00,09:00,19:00,09:00,19:00,09:00,19:00,09:00,16:00,,,,,37.4098119,126.9118424
동문약국,안양시,경기도 안양시 동안구 흥안대로 525,경기도 안양시 동안구 관양동 1502-9번지 1층 102호,13951,031-424-6730,09:30,21:00,09:30,21:00,09:30,21:00,09:30,21:00,09:30,21:00,09:30,19:00,,,15:00,21:00,37.4008847,126.9762454
동아당약국,안양시,경기도 안양시 만안구 석천로 181,경기도 안양시 만안구 석수동 289-8번지,13968,031-472-0329,09:00,21:00,09:00,21:00,09:00,21:00,09:00,21:00,09:00,21:00,09:00,21:00,,,09:00,21:00,37.4127354,126.9088588
동안약국,안양시,경기도 안양시 동안구 귀인로 107-1,경기도 안양시 동안구 호계동 925-18번지 1층,14078,031-348-9788,09:00,20:00,09:00,20:00,09:00,20:00,09:00,20:00,09:00,20:00,09:00,17:00,,,09:00,20:00,37.3825564,126.9516353
동양비타민약국,안양시,경기도 안양시 동안구 흥안대로 516,경기도 안양시 동안구 관양동 1505-22번지 멤피스타워 102호,13943,031-422-0567,08:15,20:00,08:15,20:00,08:15,20:00,08:15,20:00,08:15,20:00,08:15,15:00,,,,,37.4000429,126.9774941
동편약국,안양시,경기도 안양시 동안구 동편로 136,경기도 안양시 동안구 관양동 1677번지 경진빌딩 106호,13928,031-426-1119,09:00,16:00,09:00,16:00,09:00,16:00,09:00,16:00,09:00,16:00,09:00,16:00,,,,,37.410128,126.9671073
든든약국,안양시,경기도 안양시 만안구 박달로 489,경기도 안양시 만안구 박달동 99-8번지 1층,13983,031-443-0887,09:00,18:00,09:00,18:00,09:00,18:00,09:00,18:00,09:00,18:00,09:00,13:00,,,,,37.4027479,126.9069826
든든온누리약국,안양시,경기도 안양시 동안구 흥안대로 533,경기도 안양시 동안구 관양동 1488-35번지 인덕원골드프라자 4층 402호,13951,031-424-1139,09:00,18:00,09:00,18:00,09:00,18:00,09:00,18:00,09:00,18:00,09:00,13:00,,,,,37.4016054,126.9761613
뜰약국,안양시,경기도 안양시 동안구 관악대로 104,경기도 안양시 동안구 비산동 411-8번지 리홈안양이마트 2층,13954,070-8886-2587,09:00,19:00,09:00,19:00,09:00,19:00,09:00,19:00,09:00,19:00,,,,,,,37.3983346,126.9353077
라라약국,안양시,경기도 안양시 동안구 동안로 120,경기도 안양시 동안구 호계동 1051번지 평촌스포츠센타 1층 101호,14072,031-000-0000,09:00,18:00,09:00,18:00,09:00,18:00,09:00,18:00,09:00,18:00,09:00,13:00,,,,,37.3895629,126.9522508
럭키약국,안양시,경기도 안양시 동안구 관평로 260,경기도 안양시 동안구 관양동 1587번지 공작럭키아파트 상가 201호,14050,031-386-5652,09:00,19:00,09:00,19:00,09:00,19:00,09:00,19:00,09:00,19:00,09:00,14:00,,,,,37.3996809,126.9571597
레몬약국,안양시,경기도 안양시 동안구 비산로 18,경기도 안양시 동안구 비산동 1185번지 평촌자이아이파크 1층 106호,13924,031-466-1903,09:00,18:00,09:00,18:00,09:00,18:00,09:00,18:00,09:00,18:00,,,,,,,37.4001274,126.9332154
로즈마리한약국,안양시,경기도 안양시 동안구 부림로 174,경기도 안양시 동안구 관양동 1119-1번지 1층,14055,031-425-5802,10:30,18:30,10:30,18:30,10:30,14:00,10:30,18:30,10:30,18:30,10:30,14:00,,,,,37.3985776,126.962297
롯데평촌바라기한약국,안양시,경기도 안양시 동안구 시민대로 180,"경기도 안양시 동안구 호계동 1039번지 G.SQURE, 롯데백화점 평촌점 지하1층",14073,031-8086-9084,09:00,18:00,09:00,18:00,09:00,18:00,09:00,18:00,09:00,18:00,09:00,13:00,,,,,37.3899963,126.9504628
리본약국,안양시,경기도 안양시 만안구 안양로 316,경기도 안양시 만안구 안양동 668-33번지 본프라자 117호,13992,031-441-7162,09:00,19:00,09:00,19:00,09:00,19:00,09:00,19:00,09:00,19:00,09:00,16:00,,,,,37.400562,126.9206031
메디칼온누리약국,안양시,경기도 안양시 동안구 평촌대로 352,경기도 안양시 동안구 비산동 1033-2번지 성준빌딩 1층,13941,031-476-3838,09:00,19:00,09:00,19:00,09:00,19:00,09:00,19:00,09:00,19:00,09:00,16:00,,,09:00,12:00,37.4021909,126.950272
메디컬건강약국,안양시,경기도 안양시 동안구 엘에스로 91,경기도 안양시 동안구 호계동 1029-6번지 105호,14119,031-360-4578,10:00,21:00,10:00,21:00,10:00,21:00,10:00,21:00,10:00,21:00,10:00,21:00,10:00,21:00,,,37.3703754,126.9508996
메디팜안심약국,안양시,경기도 안양시 만안구 관악대로 14,경기도 안양시 만안구 안양동 380-27번지 1층,14032,031-466-4322,09:00,19:30,09:00,19:30,09:00,19:30,09:00,19:30,09:00,19:30,09:00,14:30,,,,,37.3946973,126.9268054
명약국,안양시,경기도 안양시 만안구 안양로 298,경기도 안양시 만안구 안양동 674-132번지 지층,13992,031-441-5799,09:00,20:00,09:00,20:00,09:00,20:00,09:00,20:00,09:00,20:00,09:00,16:30,,,09:00,13:00,37.3989717,126.9216548
명인당약국,안양시,경기도 안양시 만안구 양화로 152-10,경기도 안양시 만안구 박달동 23-20번지,13986,031-443-4500,08:00,22:00,08:00,22:00,08:00,22:00,08:00,22:00,08:00,22:00,,,,,,,37.4061562,126.9090122
명진약국,안양시,경기도 안양시 만안구 안양로 147,경기도 안양시 만안구 안양동 504-21번지,14092,031-441-4656,08:00,21:30,08:00,21:30,08:00,21:30,08:00,21:30,08:00,21:30,08:00,21:00,,,,,37.3874053,126.9305548
모비우스햇살약국,안양시,경기도 안양시 동안구 시민대로 190,경기도 안양시 동안구 호계동 1040번지 힐스테이트 범계역 모비우스 134호,14072,031-360-3302,08:00,21:00,08:00,21:00,09:00,21:00,08:00,21:00,08:00,21:00,08:00,15:00,,,,,37.3909118,126.9515745
미담약국,안양시,경기도 안양시 만안구 태평로52번길 31,경기도 안양시 만안구 안양동 1390-3번지 1층 102호,14037,031-468-8697,09:00,18:00,09:00,18:00,09:00,18:00,09:00,18:00,09:00,18:00,09:00,13:00,,,,,37.3959074,126.9310102
미래약국,안양시,경기도 안양시 만안구 안양로 327,경기도 안양시 만안구 안양동 695-32번지,14006,031-464-9842,09:00,21:00,09:00,21:00,09:00,21:00,09:00,21:00,09:00,21:00,09:00,20:30,,,,,37.4008984,126.9193577
미소약국,안양시,경기도 안양시 동안구 관악대로 340,경기도 안양시 동안구 관양동 1446-4번지 1층,13945,031-347-1136,09:00,19:00,09:00,19:00,09:00,19:00,09:00,19:00,09:00,19:00,09:00,16:00,,,,,37.4033106,126.9604893
미소지은온누리약국,안양시,경기도 안양시 동안구 관악대로 103,"경기도 안양시 동안구 비산동 550-1번지 에비뉴 6층 103호 610,611호",13924,031-466-5669,09:00,19:30,09:00,19:30,09:00,19:30,09:00,19:30,09:00,19:30,09:00,16:00,,,,,37.3991555,126.9354258
바람약국,안양시,경기도 안양시 동안구 귀인로190번길 39,경기도 안양시 동안구 평촌동 916번지 2층 201-1호,14103,031-360-5696,09:00,18:00,09:00,18:00,09:00,18:00,09:00,18:00,09:00,18:00,09:00,13:00,,,,,37.3838539,126.9613403
바로약국,안양시,경기도 안양시 동안구 시민대로 372,경기도 안양시 동안구 관양동 900-4번지 평촌서울나우병원 112호,14058,031-423-3690,09:00,18:00,09:00,18:00,09:00,18:00,09:00,18:00,09:00,18:00,,,,,,,37.395906,126.9714898
바른약국,안양시,경기도 안양시 동안구 관악대로 480,경기도 안양시 동안구 관양동 1488-7번지 우정타운 1층 107호,13951,031-424-8802,09:00,18:00,09:00,18:00,09:00,18:00,09:00,18:00,09:00,18:00,08:30,15:00,,,,,37.4024854,126.9754094
밝은약국,안양시,경기도 안양시 동안구 관평로170번길 43,경기도 안양시 동안구 관양동 1607번지 훼미리타운 218-B호,14066,031-383-6888,09:00,20:00,09:00,20:00,09:00,20:00,09:00,20:00,09:00,20:00,09:00,16:00,,,,,37.3933176,126.9631706
백약국,안양시,경기도 안양시 동안구 시민대로 175,경기도 안양시 동안구 비산동 1108-1번지 동안프라자빌딩 116호,14048,031-388-1902,09:00,20:30,09:00,20:30,09:00,20:30,09:00,20:30,09:00,20:30,09:00,18:00,,,,,37.3913481,126.950419
백화점약국,안양시,경기도 안양시 동안구 관악대로 91,경기도 안양시 동안구 비산동 554-2번지 대림타워 102호,13925,031-465-9566,09:00,20:00,09:00,20:00,09:00,20:00,09:00,20:00,09:00,20:00,09:00,16:00,,,,,37.3989135,126.9338346
범계바른약국,안양시,경기도 안양시 동안구 시민대로 161,경기도 안양시 동안구 비산동 1107번지 안양무역센터 1층 108호,14048,031-000-0000,09:00,18:00,09:00,18:00,09:00,18:00,09:00,18:00,09:00,18:00,09:00,13:00,,,,,37.3905041,126.9491825
범계백두산약국,안양시,경기도 안양시 동안구 시민대로 138,경기도 안양시 동안구 호계동 904번지 104호,14077,031-427-1440,09:00,18:00,09:00,18:00,09:00,18:00,09:00,18:00,09:00,18:00,09:00,13:00,,,,,37.3884335,126.9478082
범계세명약국,안양시,경기도 안양시 동안구 동안로 120,경기도 안양시 동안구 호계동 1051번지 평촌스포츠센타 7층 710호 일부호,14072,031-381-6092,09:00,18:00,09:00,18:00,09:00,18:00,09:00,18:00,09:00,18:00,,,,,,,37.3895629,126.9522508
범계약국,안양시,경기도 안양시 동안구 시민대로 167,경기도 안양시 동안구 비산동 1107-1번지 안양벤처텔 108호 일부호(비산동),14048,031-388-5575,09:00,20:00,09:00,20:00,09:00,20:00,09:00,20:00,09:00,20:00,09:00,16:00,,,,,37.3908126,126.9496321
범계역홈약국,안양시,경기도 안양시 동안구 동안로 120,경기도 안양시 동안구 호계동 1051번지 평촌스포츠센타 104호,14072,031-388-1823,10:00,18:00,10:00,18:00,10:00,18:00,10:00,18:00,10:00,18:00,,,,,,,37.3895629,126.9522508
베데스다약국,안양시,경기도 안양시 동안구 흥안대로 415,경기도 안양시 동안구 평촌동 126-1번지 두산벤처다임 139호,14059,031-478-2799,10:00,19:30,10:00,19:30,10:00,19:30,10:00,19:30,10:00,19:30,,,,,,,37.3916492,126.9729996
베스트팜약국,안양시,경기도 안양시 동안구 귀인로 198,"경기도 안양시 동안구 평촌동 361번지 베스트상가 111,112호",14103,031-388-7879,09:00,20:30,09:00,20:30,09:00,20:30,09:00,20:30,09:00,20:30,09:00,16:00,,,,,37.3854484,126.9611369
보건약국,안양시,경기도 안양시 만안구 안양로314번길 26,경기도 안양시 만안구 안양동 674-17번지,13992,031-449-9793,08:30,22:30,08:30,22:30,08:30,22:30,08:30,22:30,08:30,22:30,09:00,14:30,09:30,22:30,09:30,22:30,37.4007214,126.9218673
본약국,안양시,경기도 안양시 동안구 흥안대로456번길 11,경기도 안양시 동안구 평촌동 69-1번지 본프라자상가 105호,14061,031-421-5810,08:30,20:00,08:30,20:00,08:30,20:00,08:30,20:00,08:30,20:00,08:30,16:00,,,,,37.3947563,126.9764688
봄온누리약국,안양시,경기도 안양시 동안구 흥안대로 127,경기도 안양시 동안구 호계동 1002-30번지 한신빌딩 105호,14112,031-451-5622,09:00,18:00,09:00,18:00,09:00,18:00,09:00,18:00,09:00,18:00,09:00,13:00,,,,,37.3708813,126.9589823
부부온누리약국,안양시,경기도 안양시 동안구 관악대로 133,경기도 안양시 동안구 비산동 425번지 삼성래미안아파트 상가 201호,13922,031-449-1873,09:00,21:30,09:00,21:30,09:00,21:30,09:00,21:30,09:00,21:30,09:00,21:00,10:00,14:00,09:00,21:30,37.3994143,126.9386665
부원약국,안양시,경기도 안양시 만안구 병목안로 14,경기도 안양시 만안구 안양동 782-11번지 우남리치빌 1층 104호,14001,031-429-1030,09:00,17:00,09:00,17:00,09:00,17:00,09:00,17:00,09:00,17:00,09:00,15:00,,,,,37.3992826,126.9188843
브이원약국,안양시,경기도 안양시 동안구 엘에스로 136,경기도 안양시 동안구 호계동 555-2번지 금정역2차 SK V1 tower 1층 110호,14118,031-342-4372,09:00,18:00,09:00,18:00,09:00,18:00,09:00,18:00,09:00,18:00,,,,,,,37.3736234,126.9476909
비즈타워약국,안양시,경기도 안양시 만안구 덕천로152번길 25,경기도 안양시 만안구 안양동 1432번지 안양아이에스BIZ타워센트럴 162호,14084,031-420-2117,09:00,18:00,09:00,18:00,09:00,18:00,09:00,18:00,09:00,18:00,09:00,13:00,,,,,37.3926189,126.938864
비채원한약국,안양시,경기도 안양시 동안구 관악대로263번길 34,경기도 안양시 동안구 비산동 1049-15번지 금호빌딩 302호,13935,031-386-7977,09:00,18:00,09:00,18:00,09:00,18:00,09:00,18:00,09:00,18:00,09:00,13:00,,,,,37.4038842,126.9519319
비타민약국,안양시,경기도 안양시 만안구 안양로 494-1,경기도 안양시 만안구 석수동 279-2번지 1층,13964,031-349-6676,09:00,19:00,09:00,19:00,09:00,19:00,09:00,19:00,09:00,19:00,09:00,15:00,,,,,37.4136574,126.9093714
사랑약국,안양시,경기도 안양시 만안구 전파로 19,경기도 안양시 만안구 안양동 193-51번지 CJ빌딩 1층,14085,031-468-8900,09:00,21:00,09:00,21:00,09:00,21:00,09:00,21:00,09:00,21:00,09:00,16:00,,,,,37.3908959,126.9347987
삼덕공원약국,안양시,경기도 안양시 만안구 병목안로 20,경기도 안양시 만안구 안양동 782-18번지 스페이스타워 1층 101호,14001,031-465-3675,08:30,19:00,08:30,19:00,08:30,19:00,08:30,19:00,08:30,19:00,,,08:30,19:00,,,37.3989556,126.9183671
삼성프라자약국,안양시,경기도 안양시 만안구 태평로 140,경기도 안양시 만안구 안양동 90-1번지 삼성아파트 상가 107호,13994,031-464-5707,09:00,19:30,09:00,19:30,09:00,19:30,09:00,19:30,09:00,19:30,09:00,16:00,,,,,37.4010027,126.9240909
삼세종합약국,안양시,경기도 안양시 만안구 안양로 303,"경기도 안양시 만안구 안양동 676-91번지 안양 메쎄 포스빌 1층 107-1,107-2,108호",14001,031-4683-0013,08:00,22:00,08:00,22:00,08:00,22:00,08:00,22:00,08:00,22:00,08:00,22:00,08:00,22:00,08:00,22:00,37.3987963,126.9208088
삼아약국,안양시,경기도 안양시 만안구 경수대로 1201,경기도 안양시 만안구 석수동 182-2번지 석수대림아파트 상가 107호,13961,031-474-1077,08:30,21:30,08:30,21:30,08:30,21:30,08:30,21:30,08:30,21:30,08:30,21:30,,,10:00,21:00,37.4160077,126.9143479
삼영약국,안양시,경기도 안양시 만안구 안양로 260,경기도 안양시 만안구 안양동 622-303번지,13996,031-466-1653,08:00,21:00,08:00,21:00,08:00,21:00,08:00,21:00,08:00,21:00,08:00,19:00,,,,,37.3960002,126.9241179
삼원약국,안양시,경기도 안양시 만안구 박달로545번길 46,경기도 안양시 만안구 안양동 825-1번지,13988,031-443-1053,10:30,21:30,10:30,21:30,10:30,21:30,10:30,21:30,10:30,21:30,10:30,21:30,,,10:30,21:30,37.4047803,126.9132715
삼층약국,안양시,경기도 안양시 동안구 평촌대로223번길 49,경기도 안양시 동안구 호계동 1046-6번지 아트타워 301호,14072,031-387-3122,09:00,17:00,09:00,17:00,09:00,17:00,09:00,17:00,09:00,17:00,09:00,13:00,,,09:00,13:00,37.3903509,126.9530697
상록수약국,안양시,경기도 안양시 만안구 삼덕로 12,경기도 안양시 만안구 안양동 627-209번지,13999,031-449-4959,08:30,19:00,08:30,19:00,08:30,19:00,08:30,19:00,08:30,19:00,08:30,13:00,,,,,37.3936654,126.924068
새그린약국,안양시,경기도 안양시 동안구 경수대로 557,경기도 안양시 동안구 호계동 949-17번지 1층 104호,14116,031-452-4350,08:30,19:30,08:30,19:30,08:30,19:30,08:30,19:30,08:30,19:30,08:30,13:30,,,,,37.3724422,126.9573448
새누리약국,안양시,경기도 안양시 동안구 동안로 120,경기도 안양시 동안구 호계동 1051번지 평촌스포츠센타 301호,14072,031-382-1748,09:00,19:00,09:00,19:00,09:00,19:00,09:00,19:00,09:00,19:00,09:00,16:00,,,,,37.3895629,126.9522508
새동산약국,안양시,경기도 안양시 만안구 병목안로 127,경기도 안양시 만안구 안양동 759-12번지,14020,031-449-6053,09:00,21:00,09:00,21:00,09:00,21:00,09:00,21:00,09:00,21:00,09:00,20:00,09:00,12:00,09:00,21:30,37.3924136,126.9096737
새봄온누리약국,안양시,경기도 안양시 동안구 평촌대로211번길 16,경기도 안양시 동안구 호계동 1048-2번지 동아월드프라자 108호,14072,031-381-8278,09:00,21:00,09:00,21:00,09:00,21:00,09:00,21:00,09:00,21:00,09:00,21:00,10:00,13:30,09:00,21:00,37.390378,126.9550352
새싹약국,안양시,경기도 안양시 만안구 태평로52번길 37,경기도 안양시 만안구 안양동 1390-5번지 102호,14037,070-4144-8768,09:00,21:00,09:00,21:00,09:00,21:00,09:00,21:00,09:00,21:00,09:00,19:00,,,,,37.3960703,126.9311558
새안양보룡약국,안양시,경기도 안양시 만안구 안양로 259,경기도 안양시 만안구 안양동 627-202번지 1층,13997,031-465-0140,09:00,19:30,09:00,19:30,09:00,19:30,09:00,19:30,09:00,19:30,09:00,16:00,,,,,37.3957634,126.9236226
새진아약국,안양시,경기도 안양시 만안구 안양로 129,경기도 안양시 만안구 안양동 505-14번지,14092,031-449-2966,08:00,21:00,08:00,21:00,08:00,21:00,08:00,21:00,08:00,21:00,08:00,17:30,,,,,37.3859956,126.9317064
새한약국,안양시,경기도 안양시 만안구 안양로 304,경기도 안양시 만안구 안양동 674-121번지,13992,031-449-2686,08:00,21:00,08:00,21:00,08:00,21:00,08:00,21:00,08:00,21:00,08:00,20:00,10:00,18:00,,,37.3992677,126.9213587
샘깊은약국,안양시,경기도 안양시 동안구 흥안대로 528,경기도 안양시 동안구 관양동 1505-4번지 타워빌딩 103호,13943,031-422-0852,09:00,19:00,09:00,19:00,09:00,19:00,09:00,19:00,09:00,19:00,09:00,13:00,,,,,37.4010335,126.9772951
샘모루약국,안양시,경기도 안양시 동안구 관악대로 93,경기도 안양시 동안구 비산동 554-1번지 샘모루빌딩 103호,13925,031-442-9905,09:00,19:00,09:00,19:00,09:00,19:00,09:00,19:00,09:00,19:00,09:00,15:00,,,,,37.3989956,126.9340486
생명약국,안양시,경기도 안양시 만안구 경수대로 1207,경기도 안양시 만안구 석수동 177-6번지 1층,13961,031-473-2155,12:00,19:00,12:00,19:00,12:00,19:00,12:00,19:00,12:00,19:00,,,,,,,37.4165185,126.9137562
생생약국,안양시,경기도 안양시 만안구 안양로 174,경기도 안양시 만안구 안양동 433-2번지 안양 센트럴 헤센 102동 124호,14033,031-360-4644,09:00,22:00,09:00,22:00,09:00,22:00,09:00,22:00,09:00,22:00,09:00,22:00,09:00,18:00,09:00,22:00,37.3895917,126.9297475
샤론약국,안양시,경기도 안양시 동안구 동편로 16,경기도 안양시 동안구 관양동 1725번지 동편프라자 104호,13929,031-425-2092,09:00,16:00,09:00,16:00,09:00,16:00,09:00,16:00,09:00,16:00,09:00,16:00,,,08:30,13:00,37.4060284,126.9714978
서약국,안양시,경기도 안양시 만안구 양화로 36,경기도 안양시 만안구 안양동 952-47번지,14007,031-443-4273,08:00,20:00,08:00,20:00,08:00,20:00,08:00,20:00,08:00,20:00,09:00,15:00,,,,,37.3969245,126.914101
석수약국,안양시,경기도 안양시 만안구 안양로 443,경기도 안양시 만안구 석수동 314-9번지 102호,13970,031-473-0510,09:00,18:00,09:00,18:00,09:00,18:00,09:00,18:00,09:00,18:00,,,,,,,37.4096954,126.9119789
설약국,안양시,경기도 안양시 만안구 만안로 232,경기도 안양시 만안구 안양동 88-1번지 안양역 2층 1호,13992,031-443-0901,09:00,18:00,09:00,18:00,09:00,18:00,09:00,18:00,09:00,18:00,09:00,14:00,,,,,37.40143,126.923003
성애약국,안양시,경기도 안양시 동안구 흥안대로517번길 34,경기도 안양시 동안구 관양동 1491-38번지,13951,031-422-0927,09:00,22:00,09:00,22:00,09:00,22:00,09:00,22:00,09:00,22:00,09:00,22:00,,,09:00,23:00,37.4000659,126.9745563
성원약국,안양시,경기도 안양시 만안구 경수대로 1426,경기도 안양시 만안구 석수동 374-7번지 2층,13907,070-8833-1704,09:00,18:30,09:00,18:30,09:00,18:30,09:00,18:30,09:00,18:30,09:00,14:00,,,,,37.4337391,126.9038446
세경온누리약국,안양시,경기도 안양시 동안구 달안로 112,경기도 안양시 동안구 관양동 1589번지 한가람세경상가 101-1호,14052,031-476-0218,09:00,20:00,09:00,20:00,09:00,20:00,09:00,20:00,09:00,20:00,09:00,15:00,,,,,37.3972283,126.9550195
세계로약국,안양시,경기도 안양시 동안구 관악대로 133,경기도 안양시 동안구 비산동 425번지 삼성래미안아파트상가 161동 301-3호,13922,031-466-8447,09:00,18:30,09:00,18:30,09:00,18:30,09:00,18:30,09:00,18:30,09:00,14:00,,,,,37.3994143,126.9386665
세명약국,안양시,경기도 안양시 동안구 흥안대로 313,경기도 안양시 동안구 평촌동 934-1번지,14104,031-421-7623,08:00,20:00,08:00,20:00,08:00,20:00,08:00,20:00,08:00,20:00,08:00,20:00,,,,,37.3831019,126.9704727
세은약국,안양시,경기도 안양시 만안구 박달로 500,경기도 안양시 만안구 박달동 85-1번지 1층,14009,031-468-8253,09:00,20:30,09:00,20:30,09:00,20:30,09:00,20:30,09:00,20:30,09:00,17:30,,,,,37.4024112,126.9081378
세종온누리약국,안양시,경기도 안양시 만안구 안양로 148,경기도 안양시 만안구 안양동 517번지,14034,031-449-6679,08:00,20:00,08:00,20:00,08:00,20:00,08:00,20:00,08:00,20:00,08:00,17:00,,,,,37.3876965,126.9311287
세종우리약국,안양시,경기도 안양시 만안구 충훈로 70,경기도 안양시 만안구 석수동 788-1번지 1층,13973,031-471-8241,08:30,20:00,08:30,20:00,08:30,20:00,08:30,20:00,08:30,20:00,08:30,15:30,09:30,12:30,,,37.4073846,126.9005619
세화약국,안양시,경기도 안양시 만안구 안양로 455-1,경기도 안양시 만안구 석수동 317-15번지,13970,031-471-4122,08:30,21:30,08:30,21:30,08:30,21:30,08:30,21:30,08:30,21:30,08:30,19:00,,,10:00,21:30,37.4105295,126.9111475
소망약국,안양시,경기도 안양시 동안구 평촌대로211번길 16,"경기도 안양시 동안구 호계동 1048-2번지 삼희월드프라자 109,110호",14072,031-383-7942,09:00,17:00,09:00,18:30,09:00,18:30,09:00,18:30,09:00,18:30,09:00,20:30,,,09:00,13:00,37.390378,126.9550352
솜사탕약국,안양시,경기도 안양시 동안구 시민대로 260,"경기도 안양시 동안구 관양동 1591-11번지 안양금융센터 A.F.C 1층 107, 108호",14067,031-5177-1890,08:30,18:30,08:30,18:30,08:30,18:30,08:30,18:30,08:30,18:30,,,,,,,37.3935078,126.9594185
수성약국,안양시,,경기도 안양시 만안구 박달동 939번지 한양수자인에듀파크 1층 103호,13982,031-464-7773,09:00,19:00,09:00,19:00,09:00,19:00,09:00,19:00,09:00,19:00,,,,,,,37.4030397,126.9040653
수암약국,안양시,경기도 안양시 만안구 안양로292번길 31,경기도 안양시 만안구 안양동 674-179번지,13992,031-466-6258,10:30,25:00,10:30,25:00,10:30,25:00,10:30,25:00,10:30,25:00,10:30,25:00,10:30,13:00,10:30,25:00,37.3992954,126.9233244
수약국,안양시,경기도 안양시 동안구 경수대로 428,경기도 안양시 동안구 호계동 873번지 덕유파크 3층 314호,14126,031-457-2220,09:00,19:00,09:00,19:00,09:00,19:00,09:00,19:00,09:00,19:00,09:00,14:30,,,,,37.3622442,126.9624999
수약국,안양시,경기도 안양시 만안구 안양로 262,경기도 안양시 만안구 안양동 622-250번지,13996,031-468-3350,09:00,19:00,09:00,19:00,09:00,19:00,09:00,19:00,09:00,19:00,09:00,14:00,,,,,37.3962604,126.9238674
수정약국,안양시,경기도 안양시 만안구 안양로 366,경기도 안양시 만안구 안양동 847-16번지,13991,031-445-2373,09:00,20:00,09:00,20:00,09:00,20:00,09:00,20:00,09:00,20:00,09:00,18:00,,,,,37.4040169,126.9174806
수촌늘푸른약국,안양시,경기도 안양시 동안구 관악대로287번길 27,경기도 안양시 동안구 관양동 1380-2번지 태광빌딩 104호,13936,031-386-4310,09:30,22:00,09:30,22:00,09:30,22:00,09:30,22:00,09:30,22:00,09:30,22:00,,,,,37.4041393,126.9544723
스마일약국,안양시,경기도 안양시 동안구 평촌대로 142,경기도 안양시 동안구 평촌동 900-1번지 트윈마트 203호,14103,031-387-0560,09:00,19:00,09:00,19:00,09:00,19:00,09:00,19:00,09:00,19:00,09:00,16:00,,,09:00,12:00,37.384992,126.9598976
스마트약국,안양시,경기도 안양시 동안구 시민대로 311,경기도 안양시 동안구 관양동 1746번지 금강스마트빌딩 136호,14055,031-422-1138,08:30,19:30,08:30,19:30,08:30,19:00,08:30,19:30,08:30,19:30,08:30,14:00,,,,,37.3961005,126.9646533
신덕천약국,안양시,경기도 안양시 동안구 관악대로 72,경기도 안양시 동안구 비산동 558-1번지,13955,031-446-4278,09:00,19:00,09:00,19:00,09:00,19:00,09:00,19:00,09:00,19:00,09:00,13:30,,,,,37.3976354,126.9323303
신라약국,안양시,경기도 안양시 동안구 관평로 227,경기도 안양시 동안구 관양동 1589-1번지 한가람아파트 상가동 108호,14052,031-381-1563,09:00,20:00,09:00,20:00,09:00,20:00,09:00,20:00,09:00,20:00,,,,,,,37.3967636,126.9578473
신세계온누리약국,안양시,경기도 안양시 동안구 임곡로 62,경기도 안양시 동안구 비산동 514번지 임곡프라자 116호,13916,031-464-0369,08:30,21:00,08:30,21:00,08:30,21:00,08:30,21:00,08:30,21:00,08:30,20:00,,,,,37.4048351,126.9337448
신우리약국,안양시,경기도 안양시 만안구 안양로 316,경기도 안양시 만안구 안양동 668-33번지 본프라자 305호,13992,031-464-6466,09:00,19:00,09:00,19:00,09:00,19:00,09:00,19:00,09:00,19:00,09:00,16:00,,,,,37.400562,126.9206031
신원당약국,안양시,경기도 안양시 동안구 엘에스로 44,경기도 안양시 동안구 호계동 971-7번지,14120,031-452-0422,09:00,21:00,09:00,21:00,09:00,21:00,09:00,21:00,09:00,21:00,09:00,16:00,,,09:00,21:00,37.367916,126.9550961
실로암약국,안양시,경기도 안양시 동안구 동안로 194,경기도 안양시 동안구 비산동 1101-2번지 한양스포츠센타 2층 215호,14043,031-387-6566,09:00,13:00,09:00,13:00,09:00,13:00,09:00,13:00,09:00,13:00,09:00,16:30,,,,,37.39584,126.9491435
아름다운약국,안양시,경기도 안양시 동안구 경수대로 536,경기도 안양시 동안구 호계동 1003-9번지 정암빌딩 5층,14112,031-459-0046,08:00,19:00,08:00,19:00,08:00,19:00,08:00,19:00,08:00,19:00,08:00,16:00,,,,,37.370671,126.9583175
아름약국,안양시,경기도 안양시 동안구 학의로 282,경기도 안양시 동안구 관양동 810번지 금강펜테리움IT타워 1층 123호,14056,031-388-0557,09:00,19:00,09:00,19:00,09:00,19:00,09:00,19:00,09:00,19:00,09:00,19:00,,,09:30,23:00,37.40097,126.9691155
아민약국,안양시,경기도 안양시 동안구 시민대로 300,경기도 안양시 동안구 관양동 1608번지,14066,031-388-5535,10:00,11:00,10:00,11:00,10:00,11:00,10:00,11:00,10:00,11:00,10:00,11:00,10:00,11:00,,,37.3949065,126.9637241
아크로약국,안양시,경기도 안양시 동안구 시민대로 230,경기도 안양시 동안구 관양동 1591번지 평촌아크로타워 A310-1호,14067,031-388-0332,10:00,18:00,10:00,18:00,10:00,18:00,10:00,18:00,10:00,18:00,,,,,,,37.3923317,126.9565123
아프지마약국,안양시,경기도 안양시 만안구 장내로 164,경기도 안양시 만안구 안양동 1384번지 청솔프라자 1층 105호,13995,031-466-8009,09:00,18:00,09:00,18:00,09:00,18:00,09:00,18:00,09:00,18:00,09:00,13:00,,,,,37.3989553,126.925677
안세온누리약국,안양시,경기도 안양시 동안구 관악대로 349,경기도 안양시 동안구 관양동 1422-12번지 1층,13938,031-421-3720,09:00,20:00,09:00,20:00,09:00,20:00,09:00,20:00,09:00,20:00,09:00,16:00,,,09:00,22:00,37.4042442,126.9616125
안양365약국,안양시,경기도 안양시 동안구 동안로 119,경기도 안양시 동안구 호계동 1039-3번지 킴스아울렛 지하1층 일부호,14073,031-380-1442,09:00,18:00,09:00,18:00,09:00,18:00,09:00,18:00,09:00,18:00,10:30,21:00,10:30,21:00,,,37.3892156,126.951214
안양새천년약국,안양시,경기도 안양시 만안구 경수대로 1173,경기도 안양시 만안구 안양동 42-5번지 1층,13958,031-473-3258,09:00,21:00,09:00,21:00,09:00,21:00,09:00,21:00,09:00,21:00,09:00,21:00,,,09:00,21:00,37.4151127,126.9174738
안양성모약국,안양시,경기도 안양시 만안구 장내로 107,경기도 안양시 만안구 안양동 711-221번지,14002,031-446-3719,10:30,20:00,10:30,20:00,10:30,20:00,10:30,20:00,10:30,20:00,10:30,17:00,,,,,37.3963049,126.920071
안양솔약국,안양시,경기도 안양시 만안구 안양로 276,경기도 안양시 만안구 안양동 622-332번지 1층,13996,031-445-2214,08:30,20:30,08:30,20:30,08:30,20:30,08:30,20:30,08:30,20:30,08:30,16:00,,,,,37.397293,126.9230573
안양온약국,안양시,경기도 안양시 동안구 안양판교로 16,경기도 안양시 동안구 관양동 1505-15번지 1층 101~119호,13943,031-0000-0000,09:00,18:00,09:00,18:00,09:00,18:00,09:00,18:00,09:00,18:00,09:00,13:00,,,,,37.4004045,126.9777288
안양왕약국,안양시,경기도 안양시 만안구 안양로 293,경기도 안양시 만안구 안양동 676-101번지,14001,031-441-4111,09:00,18:00,09:00,18:00,09:00,18:00,09:00,18:00,09:00,18:00,,,,,,,37.3983216,126.9214225
안양우리들약국,안양시,경기도 안양시 만안구 안양로 297,경기도 안양시 만안구 안양동 676-214번지 1층 102호,14001,031-442-2221,09:00,18:00,09:00,18:00,09:00,18:00,09:00,18:00,09:00,18:00,09:00,13:00,,,,,37.3985632,126.9210591
안양일호약국,안양시,경기도 안양시 동안구 관악대로 297,경기도 안양시 동안구 관양동 1384-20번지 1층 (일부)호,13940,031-000-0000,09:00,18:00,09:00,18:00,09:00,18:00,09:00,18:00,09:00,18:00,09:00,13:00,,,,,37.4031903,126.9558689
안양제일약국,안양시,경기도 안양시 만안구 삼덕로 10,경기도 안양시 만안구 안양동 627-205번지,13999,031-444-4477,08:30,19:30,08:30,19:30,08:30,19:30,08:30,19:30,08:30,19:30,08:30,17:00,,,,,37.3937564,126.924248
안양팜올데이약국,안양시,경기도 안양시 동안구 흥안대로 125,경기도 안양시 동안구 호계동 1003-5번지 1층,14112,031-000-0000,09:00,18:00,09:00,18:00,09:00,18:00,09:00,18:00,09:00,18:00,09:00,13:00,,,,,37.3708525,126.9585872
안양힘찬약국,안양시,경기도 안양시 만안구 안양로 286,경기도 안양시 만안구 안양동 674-234번지,13992,031-442-1122,,,,,,,,,,,,,,,,,37.3979841,126.9224419
어바인365약국,안양시,경기도 안양시 동안구 경수대로 585,경기도 안양시 동안구 호계동 1296번지 상가 2동 110호,14114,070-8080-0802,10:00,22:00,10:00,22:00,10:00,22:00,10:00,22:00,10:00,22:00,09:30,22:00,09:30,22:00,09:30,22:00,37.3746454,126.9562107
엘약국,안양시,경기도 안양시 동안구 경수대로 560,경기도 안양시 동안구 호계동 995-4번지 새마을금고 지하1층,14112,031-427-4029,09:00,18:00,09:00,18:00,09:00,18:00,09:00,18:00,09:00,18:00,08:30,13:00,,,,,37.3727618,126.958246
여기약국,안양시,경기도 안양시 만안구 박달로 476,경기도 안양시 만안구 박달동 137-5번지 대원빌딩 102-1호,14016,031-465-0675,09:00,18:00,09:00,18:00,09:00,18:00,09:00,18:00,09:00,18:00,09:00,13:00,,,,,37.4020901,126.9052252
열린마트약국,안양시,,경기도 안양시 동안구 비산로52번길 20,,031-468-1662,10:00,23:00,10:00,23:00,10:00,23:00,10:00,23:00,10:00,23:00,10:00,23:00,,,,,,
영진약국,안양시,경기도 안양시 만안구 문예로 50,경기도 안양시 만안구 안양동 532-3번지 한림시티빌아파트 104호,14035,031-442-6712,09:00,22:00,09:00,22:00,09:00,22:00,09:00,22:00,09:00,22:00,09:00,21:00,,,,,37.3860207,126.9331747
예인약국,안양시,경기도 안양시 동안구 관악대로 388,경기도 안양시 동안구 관양동 1459-5번지,13947,031-425-5617,10:30,21:00,10:30,21:00,10:30,21:00,10:30,21:00,10:30,21:00,10:30,21:00,,,09:00,22:30,37.404273,126.9659963
오렌지약국,안양시,경기도 안양시 만안구 안양로 339,경기도 안양시 만안구 안양동 695-208번지,14006,031-447-0134,09:00,20:00,09:00,20:00,09:00,20:00,09:00,20:00,09:00,20:00,09:00,15:00,,,,,37.4017598,126.9185601
오색약국,안양시,경기도 안양시 동안구 관악대로 342,경기도 안양시 동안구 관양동 1446-5번지 BRICK 342 1층 일부(103)호,13945,0313470808,09:00,18:00,09:00,18:00,09:00,18:00,09:00,18:00,09:00,18:00,09:00,13:00,,,,,37.4033568,126.9607262
오성약국,안양시,경기도 안양시 만안구 양화로 25,경기도 안양시 만안구 안양동 966-22번지,14011,031-469-6917,08:00,20:30,08:00,20:30,08:00,20:30,08:00,20:30,08:00,20:30,08:00,20:00,,,,,37.3960785,126.9143674
오얏봉약국,안양시,경기도 안양시 동안구 관평로170번길 33,경기도 안양시 동안구 관양동 1606번지 평촌주공공이 107호,14066,031-388-3212,08:30,19:00,08:30,19:00,08:30,19:00,08:30,19:00,08:30,19:00,,,,,,,37.3930162,126.9622915
오케이약국,안양시,경기도 안양시 만안구 덕천로 117,경기도 안양시 만안구 안양동 1395번지 삼성프라자 102호,14038,031-441-1121,09:00,18:00,09:00,18:00,09:00,18:00,09:00,18:00,09:00,18:00,09:00,13:00,,,,,37.3917029,126.9339227
오행당약국,안양시,경기도 안양시 동안구 귀인로 100,경기도 안양시 동안구 호계동 927번지 흥화아파트 상가 1층 103호,14081,031-456-1191,09:00,22:00,09:00,22:00,09:00,22:00,09:00,22:00,09:00,22:00,09:00,22:00,09:30,22:00,,,37.3819038,126.9508607
온누리산소약국,안양시,경기도 안양시 만안구 박달로 431,경기도 안양시 만안구 박달동 157-13번지 105호,13978,031-468-0825,08:00,20:00,08:00,20:00,08:00,20:00,08:00,20:00,08:00,20:00,08:00,16:00,15:00,19:00,15:00,19:00,37.4020484,126.900548
온정약국,안양시,경기도 안양시 만안구 장내로 125,경기도 안양시 만안구 안양동 676-117번지 1층 5호,14001,031-443-0280,09:00,18:00,09:00,18:00,09:00,18:00,09:00,18:00,09:00,18:00,09:00,13:00,,,,,37.3972941,126.9214417
올리브약국,안양시,경기도 안양시 만안구 안양로 142,경기도 안양시 만안구 안양동 517-16번지 부성빌딩 1층 1호,14034,031-443-7569,09:00,18:00,09:00,18:00,09:00,18:00,09:00,18:00,09:00,18:00,,,,,,,37.3872298,126.9315502
옵티마나라약국,안양시,경기도 안양시 동안구 동안로 120,경기도 안양시 동안구 호계동 1051번지 올림픽스포츠센터 510호,14072,031-381-2631,08:30,19:30,08:30,19:30,08:30,19:30,08:30,19:30,08:30,19:30,08:30,16:00,,,,,37.3895629,126.9522508
왕약국,안양시,경기도 안양시 동안구 안양판교로 12-2,경기도 안양시 동안구 관양동 1505-7번지 1층,13943,031-476-7406,09:00,21:00,09:00,21:00,09:00,21:00,09:00,21:00,09:00,21:00,09:00,19:00,,,,,37.4008459,126.9776806
우리네온누리약국,안양시,경기도 안양시 만안구 안양로 310,경기도 안양시 만안구 안양동 674-43번지 1층,13992,070-4232-7677,09:00,18:30,09:00,19:00,09:00,19:00,09:00,19:00,09:00,19:00,09:00,16:00,,,,,37.3997616,126.9209821
우리약국,안양시,경기도 안양시 동안구 동안로 11,경기도 안양시 동안구 호계동 1055-1번지 무궁화코오롱 상가 1층,14100,031-381-0828,09:00,19:00,09:00,19:00,09:00,19:00,09:00,19:00,09:00,19:00,09:00,15:00,,,09:00,19:00,37.3808329,126.9551495
우리온누리약국,안양시,경기도 안양시 동안구 동안로 128,경기도 안양시 동안구 호계동 1045번지 1층,14072,031-386-0491,09:00,22:00,09:00,22:00,09:00,22:00,09:00,22:00,09:00,22:00,09:00,22:00,10:00,22:00,,,37.3903449,126.951782
우리한약국,안양시,경기도 안양시 만안구 냉천로193번길 27,경기도 안양시 만안구 안양동 711-83번지,14002,031-465-7579,10:00,19:00,10:00,19:00,10:00,19:00,10:00,19:00,10:00,19:00,10:00,17:00,,,10:00,17:00,37.396422,126.918206
원광한약국,안양시,경기도 안양시 동안구 평촌대로223번길 49,경기도 안양시 동안구 호계동 1046-6번지 아트타워빌딩 5층 501호,14072,031-383-3180,09:00,19:00,09:00,19:00,09:00,19:00,09:00,19:00,09:00,19:00,09:00,15:00,,,,,37.3903509,126.9530697
웰빙약국,안양시,경기도 안양시 동안구 안양판교로 16,"경기도 안양시 동안구 관양동 1505-15번지 7층 717,718호",13943,031-00-0000,09:00,18:00,09:00,18:00,09:00,18:00,09:00,18:00,09:00,18:00,09:00,13:00,,,,,37.4004045,126.9777288
웰빙프라자약국,안양시,경기도 안양시 동안구 평촌대로 131,경기도 안양시 동안구 호계동 1058-7번지 아카데미센터 101호,14099,031-381-8284,09:00,22:30,09:00,22:30,09:00,22:30,09:00,22:30,09:00,22:30,09:00,22:30,,,,,37.3837093,126.9592968
유림온누리약국,안양시,경기도 안양시 동안구 흥안대로 502,경기도 안양시 동안구 관양동 1506-15번지 1층,13943,031-421-3973,08:30,19:00,08:30,19:00,08:30,19:00,08:30,19:00,08:30,19:00,08:30,16:00,09:00,17:00,,,37.39879,126.9774915
유약국,안양시,경기도 안양시 만안구 안양로 266,경기도 안양시 만안구 안양동 622-316번지 1층,13996,031-469-5300,09:00,18:30,09:00,18:30,09:00,18:30,09:00,18:30,09:00,18:30,09:30,15:00,09:30,15:00,,,37.396539,126.9236958
으뜸약국,안양시,경기도 안양시 동안구 흥안대로 415,경기도 안양시 동안구 평촌동 126-1번지 두산벤처다임 2층 252호,14059,070-7723-4155,09:00,20:00,09:00,20:00,09:00,20:00,09:00,20:00,09:00,20:00,09:00,18:00,,,,,37.3916492,126.9729996
은하수약국,안양시,경기도 안양시 동안구 경수대로 767-1,경기도 안양시 동안구 호계동 903-7번지,14041,031-477-7525,09:00,20:00,09:00,20:00,09:00,20:00,09:00,20:00,09:00,20:00,09:00,15:00,,,,,37.3891616,126.9473736
은행애약국,안양시,경기도 안양시 만안구 안양로 290,경기도 안양시 만안구 안양동 674-233번지 조흥은행 3층,13992,031-466-2904,09:00,18:30,09:00,18:30,09:00,18:30,09:00,18:30,09:00,18:30,09:00,15:00,,,,,37.3983344,126.922202
은행약국,안양시,경기도 안양시 동안구 관평로319번길 6,경기도 안양시 동안구 관양동 1397-11번지 1층,13936,031-388-1986,09:00,20:00,09:00,20:00,09:00,20:00,09:00,20:00,09:00,20:00,09:00,15:00,,,11:00,13:00,37.4050623,126.9572113
이레약국,안양시,경기도 안양시 동안구 관평로170번길 33,경기도 안양시 동안구 관양동 1606번지 평촌주공공이 109호,14066,031-381-7379,08:30,19:00,08:30,19:00,08:30,19:00,08:30,19:00,08:30,19:00,08:30,14:00,,,,,37.3930162,126.9622915
이화약국,안양시,경기도 안양시 동안구 관악대로 129,경기도 안양시 동안구 비산동 459-28번지 1층 102호,13922,031-444-3485,08:00,22:30,08:00,22:30,08:00,22:30,08:00,22:30,08:00,22:30,09:00,16:00,09:00,17:00,,,37.3992058,126.9384195
인덕그린프라자약국,안양시,경기도 안양시 동안구 관악대로 488,경기도 안양시 동안구 관양동 1488-39번지 창덕에버빌 114호,13951,031-425-9293,09:00,20:30,09:00,20:30,09:00,20:30,09:00,20:30,09:00,20:30,09:00,16:00,,,,,37.4020176,126.9756048
인덕원약국,안양시,경기도 안양시 동안구 관양로305번길 34,경기도 안양시 동안구 관양동 1510-1번지,13943,031-425-6813,09:00,20:30,09:00,20:30,09:00,20:30,09:00,20:30,09:00,20:30,09:00,15:00,,,,,37.3980469,126.9786377
인덕원우리약국,안양시,경기도 안양시 동안구 관악대로 480,경기도 안양시 동안구 관양동 1488-7번지 우정타운 106호,13951,031-000-0000,09:00,18:00,09:00,18:00,09:00,18:00,09:00,18:00,09:00,18:00,09:00,13:00,,,,,37.4024854,126.9754094
인진약국,안양시,경기도 안양시 동안구 경수대로570번길 9,경기도 안양시 동안구 호계동 986-26번지,14109,031-454-9819,09:00,22:00,09:00,22:00,09:00,22:00,09:00,22:00,09:00,22:00,09:00,21:00,,,09:00,21:00,37.3739605,126.9582148
인화약국,안양시,경기도 안양시 만안구 장내로 86,경기도 안양시 만안구 안양동 707-23번지 2층,13998,031-449-3779,09:00,18:00,09:00,18:00,09:00,18:00,09:00,18:00,09:00,18:00,09:00,14:00,,,,,37.3950435,126.9183296
일등약국,안양시,경기도 안양시 동안구 관악대로 221,경기도 안양시 동안구 비산동 246-3번지 1층,13919,031-381-7786,09:00,19:00,09:00,19:00,09:00,19:00,09:00,19:00,09:00,19:00,09:00,14:00,09:00,13:00,,,37.4010609,126.9476364
일번가다함약국,안양시,경기도 안양시 만안구 병목안로 2,경기도 안양시 만안구 안양동 782-68번지 PROJECT 240 TOWER B동 1층 102호,14001,031-463-5855,09:00,20:00,09:00,20:00,09:00,20:00,09:00,20:00,09:00,20:00,08:30,15:00,09:30,13:30,,,37.3999275,126.9198736
자명약국,안양시,경기도 안양시 동안구 흥안대로 510,경기도 안양시 동안구 관양동 1506-22번지 정빌딩 1층,13943,031-425-5432,09:00,21:30,09:00,21:30,09:00,21:30,09:00,21:30,09:00,21:30,09:00,21:00,,,11:00,20:30,37.3993667,126.9774536
자연美한약국,안양시,경기도 안양시 만안구 태평로52번길 31,경기도 안양시 만안구 안양동 1390-3번지 101호,14037,031-447-1053,10:00,19:00,10:00,19:00,10:00,19:00,10:00,19:00,10:00,19:00,10:00,15:00,,,,,37.3959074,126.9310102
장안사약국,안양시,경기도 안양시 만안구 안양로 258,경기도 안양시 만안구 안양동 622-216번지 1층,13996,031-449-4626,08:00,21:00,08:00,21:00,08:00,21:00,08:00,21:00,08:00,21:00,08:00,20:00,,,08:00,18:00,37.3958119,126.9243114
정다운5층약국,안양시,경기도 안양시 동안구 관악대로 103,경기도 안양시 동안구 비산동 550-1번지 103에비뉴 5층 505호,13924,031-443-5556,09:00,19:00,09:00,19:00,09:00,19:00,09:00,19:00,09:00,19:00,,,,,,,37.3991555,126.9354258
정성가득약국,안양시,경기도 안양시 동안구 시민대로160번길 20,경기도 안양시 동안구 호계동 1053-1번지 평촌롯데식품관 1층,14073,0507-1345-0561,10:00,22:00,10:00,22:00,10:00,22:00,10:00,22:00,10:00,22:00,10:00,22:00,10:00,22:00,10:00,22:00,37.388562,126.950236
정성약국,안양시,경기도 안양시 만안구 장내로 68,경기도 안양시 만안구 안양동 710-118번지,14022,031-442-9722,09:00,18:30,09:00,18:30,09:00,18:30,09:00,18:30,09:00,18:30,09:00,14:00,,,,,37.3940511,126.9163263
정수약국,안양시,경기도 안양시 동안구 포도원로 27,경기도 안양시 동안구 호계동 859-45번지,14128,031-453-8253,09:00,20:00,09:00,20:00,09:00,20:00,09:00,20:00,09:00,20:00,09:00,16:00,,,,,37.3622188,126.9648602
정오약국,안양시,경기도 안양시 동안구 관평로 327,경기도 안양시 동안구 관양동 1397-8번지,13936,031-387-7718,09:00,20:30,09:00,20:30,09:00,20:30,09:00,20:30,09:00,20:30,09:00,18:00,,,,,37.4055141,126.9574453
정원약국,안양시,,경기도 안양시 동안구 비산동 354-31번지 뉴타운아파트,13920,031-386-9946,09:00,21:00,09:00,21:00,09:00,21:00,09:00,21:00,09:00,21:00,09:00,20:00,,,08:00,22:00,37.4018451,126.9456986
제일약국,안양시,경기도 안양시 만안구 양화로 136,경기도 안양시 만안구 박달동 21-1번지,13987,031-441-3215,09:00,20:00,09:00,20:00,09:00,20:00,09:00,20:00,09:00,20:00,09:00,15:00,,,,,37.404707,126.9094078
조은약국,안양시,경기도 안양시 만안구 현충로48번길 63,경기도 안양시 만안구 안양동 613-11번지 가동 1층 1호,14030,031-466-0320,08:30,19:00,08:30,19:00,08:30,19:00,08:30,19:00,08:30,19:00,08:30,13:30,,,,,37.3933135,126.9239803
종로약국,안양시,경기도 안양시 만안구 장내로119번길 16,경기도 안양시 만안구 안양동 676-122번지,14001,031-468-8180,09:00,20:00,09:00,20:00,09:00,20:00,09:00,20:00,09:00,20:00,09:00,19:00,,,08:30,20:30,37.3974446,126.9208757
주민약국,안양시,경기도 안양시 동안구 관악대로 456,경기도 안양시 동안구 관양동 1480번지 1층,13949,031-422-8272,09:00,19:00,09:00,19:00,09:00,19:00,09:00,19:00,09:00,19:00,09:00,14:00,,,,,37.4038364,126.9731515
주사랑약국,안양시,경기도 안양시 만안구 안양로 377,경기도 안양시 만안구 안양동 838-11번지,13988,070-8849-7007,08:30,19:30,08:30,19:30,08:30,19:30,08:30,19:30,08:30,19:30,08:30,16:00,,,,,37.4046236,126.9162104
중앙당약국,안양시,경기도 안양시 만안구 안양로 285-1,경기도 안양시 만안구 안양동 676-115번지 B동 1층,14001,031-449-5720,09:00,21:00,09:00,21:00,09:00,21:00,09:00,21:00,09:00,21:00,09:00,21:00,09:00,21:00,09:00,21:30,37.3977472,126.9219353
중앙시장약국,안양시,경기도 안양시 만안구 안양로 305,경기도 안양시 만안구 안양동 676-10번지 1층,14001,031-465-3317,08:30,22:30,08:30,22:30,08:30,22:30,08:30,22:30,08:30,22:30,08:30,22:30,08:30,22:30,08:30,22:30,37.3991745,126.9207268
중앙약국,안양시,경기도 안양시 동안구 흥안대로456번길 30,경기도 안양시 동안구 평촌동 68-21번지,14062,031-425-5932,09:00,13:00,09:00,13:00,09:00,13:00,09:00,13:00,09:00,13:00,09:00,17:00,09:00,13:00,09:00,13:00,37.3941107,126.9772189
중앙약국,안양시,경기도 안양시 만안구 명학로 34,경기도 안양시 만안구 안양동 367-2번지 1층,14095,031-464-4233,09:00,18:00,09:00,18:00,09:00,18:00,09:00,18:00,09:00,18:00,09:00,14:00,,,,,37.3796829,126.9367014
지성약국,안양시,경기도 안양시 동안구 경수대로584번길 37,경기도 안양시 동안구 호계동 1285번지 1동 104호,14109,031-452-3527,09:30,21:00,09:30,21:00,09:30,21:00,09:30,21:00,09:30,21:00,09:30,20:00,,,,,37.3755781,126.9591067
지우약국,안양시,경기도 안양시 동안구 관악대로 344,경기도 안양시 동안구 관양동 1450번지 101호,13946,031-423-8009,09:00,20:00,09:00,20:00,09:00,20:00,09:00,20:00,09:00,20:00,09:00,15:00,,,,,37.4034309,126.9611663
참사랑한약국,안양시,경기도 안양시 만안구 양화로135번길 14,경기도 안양시 만안구 박달동 45-3번지 1층,13980,031-447-7119,10:30,19:30,10:30,19:30,10:30,19:30,10:30,19:30,10:30,19:30,10:30,16:00,,,,,37.4045395,126.9083583
참약사샛별약국,안양시,경기도 안양시 동안구 귀인로 108,경기도 안양시 동안구 호계동 927-9번지 융창빌딩 1층 109호,14081,031-457-9993,09:00,18:00,09:00,18:00,09:00,18:00,09:00,18:00,09:00,18:00,09:00,13:00,,,,,37.3820702,126.9517518
참좋은약국,안양시,경기도 안양시 동안구 시민대로 175,경기도 안양시 동안구 비산동 1108-1번지 동안프라자 304호,14048,031-388-7114,09:00,19:00,09:00,19:00,09:00,19:00,09:00,19:00,09:00,19:00,09:00,15:00,11:30,13:00,,,37.3913481,126.950419
참튼튼약국,안양시,경기도 안양시 만안구 안양로 370,경기도 안양시 만안구 안양동 847-15번지 광순빌딩 2층,13991,031-444-4640,08:30,18:00,08:30,18:00,08:30,18:00,08:30,18:00,08:30,18:00,08:30,14:00,,,,,37.4042955,126.9172977
천일약국,안양시,경기도 안양시 동안구 귀인로 213,경기도 안양시 동안구 평촌동 899-7번지 현대5차 상가 115호,14071,031-387-6323,09:00,19:30,09:00,19:30,09:00,19:30,09:00,19:30,09:00,19:30,09:00,17:00,,,,,37.3868908,126.9631599
청미래약국,안양시,경기도 안양시 동안구 동안로 120,경기도 안양시 동안구 호계동 1051번지 평촌스포츠센타 410호,14072,070-8826-3379,09:00,19:00,09:00,19:00,09:00,19:00,09:00,19:00,09:00,19:00,09:00,16:00,09:00,12:00,09:00,12:00,37.3895629,126.9522508
청솔약국,안양시,경기도 안양시 만안구 안양로 472,경기도 안양시 만안구 석수동 320-20번지,13965,031-472-4115,09:00,20:00,09:00,20:00,09:00,20:00,09:00,20:00,09:00,20:00,09:00,17:00,09:00,18:00,,,37.4120063,126.9108534
청솔약국,안양시,경기도 안양시 만안구 안양로 472,경기도 안양시 만안구 석수동 320-20번지 1층,13965,031-473-8275,08:30,20:00,08:30,20:00,08:30,20:00,08:30,20:00,08:30,20:00,08:30,17:00,,,,,37.4120063,126.9108534
청수약국,안양시,경기도 안양시 만안구 장내로 83,경기도 안양시 만안구 안양동 714-109번지 1층,14003,031-449-7725,09:00,19:00,09:00,19:00,09:00,19:00,09:00,19:00,09:00,19:00,09:00,19:00,,,09:30,23:00,37.395149,126.9177978
청원약국,안양시,경기도 안양시 만안구 안양로 340,경기도 안양시 만안구 안양동 689-147번지 1층,13991,031-466-2440,09:00,21:00,09:00,21:00,09:00,21:00,09:00,21:00,09:00,21:00,09:00,20:00,09:00,15:00,09:00,15:00,37.4020507,126.919055
초원약국,안양시,경기도 안양시 만안구 안양로 323,경기도 안양시 만안구 안양동 1195-5번지,14006,031-449-5601,09:30,25:00,09:30,25:00,09:30,25:00,09:30,25:00,09:30,25:00,09:30,25:00,09:30,25:00,09:30,25:00,37.4005483,126.9196428
충훈당약국,안양시,경기도 안양시 만안구 와룡로 34,경기도 안양시 만안구 석수동 785번지 1층,13974,031-471-2829,09:00,21:00,09:00,21:00,09:00,21:00,09:00,21:00,09:00,21:00,09:00,18:30,,,,,37.4073973,126.897737
코끼리약국,안양시,경기도 안양시 동안구 흥안대로456번길 82,"경기도 안양시 동안구 평촌동 21-2번지 밀레니엄프라자 107,108호",14062,031-423-1236,09:00,20:30,09:00,20:30,09:00,20:30,09:00,20:30,09:00,20:30,09:00,15:00,,,,,37.3932032,126.9799366
큰사랑약국,안양시,경기도 안양시 만안구 안양로 461-1,경기도 안양시 만안구 석수동 317-5번지 1층,13970,031-473-6354,09:00,20:00,09:00,20:00,09:00,20:00,09:00,20:00,09:00,20:00,09:00,18:00,,,,,37.4110506,126.9108157
키움약국,안양시,경기도 안양시 만안구 안양로 249,"경기도 안양시 만안구 안양동 627-30번지 안양디오르나인 2BL 103,104호",13999,031-342-3950,09:00,18:00,09:00,18:00,09:00,18:00,09:00,18:00,09:00,18:00,09:00,13:00,,,,,37.3950535,126.9240687
타워약국,안양시,경기도 안양시 동안구 시민대로 175,경기도 안양시 동안구 비산동 1108-1번지 동안프라자빌딩 113호,14048,031-385-2158,09:00,21:00,09:00,21:00,09:00,21:00,09:00,21:00,09:00,21:00,09:00,17:30,,,,,37.3913481,126.950419
태경약국,안양시,경기도 안양시 동안구 흥안대로 396,경기도 안양시 동안구 평촌동 133-12번지 강윤빌딩 103호,14064,031-382-5219,09:00,19:30,09:00,19:30,09:00,19:30,09:00,19:30,09:00,19:30,09:00,16:00,,,,,37.3895705,126.9737823
테라스온누리약국,안양시,경기도 안양시 만안구 병목안로 14,경기도 안양시 만안구 안양동 782-11번지 우남리치빌 1층 104호,14001,070-8778-2528,08:30,20:30,08:30,20:30,08:30,20:30,08:30,20:30,08:30,20:30,08:30,15:00,,,,,37.3992826,126.9188843
튼튼약국,안양시,경기도 안양시 동안구 관평로 314,경기도 안양시 동안구 관양동 1403-5번지 1층,13937,031-386-1256,08:30,19:00,08:30,19:00,08:30,18:30,08:30,19:00,08:30,19:00,08:30,14:00,,,,,37.404379,126.9576004
튼튼한약국,안양시,경기도 안양시 동안구 갈산로72번길 13,경기도 안양시 동안구 호계동 1082-9번지 1층,14107,031-451-4123,09:00,18:00,09:00,18:00,09:00,18:00,09:00,18:00,09:00,18:00,,,,,,,37.378722,126.9606655
팜스퀘어약국,안양시,경기도 안양시 만안구 만안로 232,"경기도 안양시 만안구 안양동 88-1번지 안양역 엔터식스 지하1층 016,017호",13992,070-8098-4603,10:00,22:00,10:00,22:00,10:00,22:00,10:00,22:00,10:00,22:00,10:00,22:00,10:00,22:00,10:00,22:00,37.40143,126.923003
퍼스트약국,안양시,경기도 안양시 동안구 경수대로 607,경기도 안양시 동안구 호계동 943-29번지 1층,14114,031-429-0525,09:00,18:00,09:00,18:00,09:00,18:00,09:00,18:00,09:00,18:00,,,,,,,37.3765623,126.9555644
편한약국,안양시,경기도 안양시 동안구 경수대로 430,경기도 안양시 동안구 호계동 813번지 호계e-편한세상아파트 상가A동 107일부호,14126,031-452-7030,09:00,20:00,09:00,20:00,09:00,20:00,09:00,20:00,09:00,20:00,09:00,15:30,,,,,37.3638996,126.9618218
평촌광장약국,안양시,경기도 안양시 동안구 관평로182번길 53,경기도 안양시 동안구 관양동 1601-4번지 광장빌딩 108~110호,14066,031-388-3371,08:30,22:00,08:30,22:00,08:30,22:00,08:30,22:00,08:30,22:00,08:30,22:00,,,,,37.3942546,126.9630848
평촌대학약국,안양시,경기도 안양시 동안구 관평로170번길 33,경기도 안양시 동안구 관양동 1606번지 평촌주공공이 105호,14066,031-476-8838,09:00,18:00,09:00,18:00,09:00,18:00,09:00,18:00,09:00,18:00,,,,,,,37.3930162,126.9622915
평촌대형약국,안양시,경기도 안양시 동안구 시민대로 311,경기도 안양시 동안구 관양동 1746번지 금강스마트빌딩 2층 210호,14055,031-360-3063,09:00,18:00,09:00,18:00,09:00,18:00,09:00,18:00,09:00,18:00,09:00,13:00,,,,,37.3961005,126.9646533
평촌라임약국,안양시,경기도 안양시 동안구 시민대로 311,경기도 안양시 동안구 관양동 1746번지 금강스마트빌딩 314호,14055,031-426-7001,09:00,19:00,09:00,19:00,09:00,19:00,09:00,19:00,09:00,19:00,09:00,13:00,,,,,37.3961005,126.9646533
평촌범계약국,안양시,경기도 안양시 동안구 시민대로 202,경기도 안양시 동안구 호계동 1042번지 에메랄드빌딩 103호,14072,031-388-9561,09:00,18:00,09:00,18:00,09:00,18:00,09:00,18:00,09:00,18:00,09:00,13:00,,,,,37.3914885,126.9534795
평촌성신약국,안양시,경기도 안양시 동안구 관평로170번길 15,경기도 안양시 동안구 관양동 1605-4번지 1층,14066,"031-383-0734,5",08:30,18:00,08:30,18:00,08:30,18:00,08:30,18:00,08:30,18:00,09:00,13:30,,,,,37.3926706,126.9616275
평촌센텀약국,안양시,경기도 안양시 동안구 경수대로 548,경기도 안양시 동안구 호계동 996-7번지 4층 일부호,14112,031-429-1791,09:00,18:00,09:00,18:00,09:00,18:00,09:00,18:00,09:00,18:00,09:00,13:00,,,,,37.3716261,126.9582542
평촌수약국,안양시,경기도 안양시 동안구 시민대로 214,"경기도 안양시 동안구 호계동 1043-1번지 다운타운빌딩 1층 106,107호",14072,031-387-3375,09:00,20:30,09:00,20:30,09:00,20:30,09:00,20:30,09:00,20:30,09:00,16:00,,,,,37.3919182,126.9547981
평촌시민약국,안양시,경기도 안양시 동안구 시민대로 187,경기도 안양시 동안구 비산동 1112-1번지 안양건설타워 106호,14047,031-381-1312,09:00,18:00,09:00,18:00,09:00,18:00,09:00,18:00,09:00,18:00,,,,,,,37.3917688,126.9517264
평촌열린약국,안양시,경기도 안양시 동안구 관평로170번길 33,경기도 안양시 동안구 관양동 1606번지 주공공이빌딩 108호,14066,031-387-5335,08:00,19:00,08:00,19:00,08:00,19:00,08:00,19:00,08:00,19:00,08:30,14:00,,,,,37.3930162,126.9622915
평촌온누리약국,안양시,경기도 안양시 동안구 흥안대로434번길 19-21,경기도 안양시 동안구 평촌동 56-1번지 1층,14062,031-421-5918,09:00,18:00,09:00,18:00,09:00,18:00,09:00,18:00,09:00,18:00,09:00,14:00,,,09:00,21:00,37.3935299,126.9763418
평촌제일약국,안양시,경기도 안양시 동안구 평촌대로223번길 64,경기도 안양시 동안구 호계동 1045-2번지 제일빌딩 307-1호,14072,031-385-8856,09:00,19:30,09:00,19:30,09:00,19:30,09:00,19:30,09:00,19:30,09:00,17:30,,,,,37.3905184,126.9522552
평촌종로약국,안양시,경기도 안양시 동안구 평촌대로 141,경기도 안양시 동안구 호계동 1058번지 트윈프라자 1층,14099,031-385-9600,09:00,22:30,09:00,22:30,09:00,22:30,09:00,22:30,09:00,22:30,09:00,22:00,,,09:00,21:00,37.3845993,126.9587821
평촌중앙약국,안양시,경기도 안양시 동안구 관평로186번길 53,경기도 안양시 동안구 관양동 1600-3번지 씨티빌딩 102호,14066,031-000-0000,09:00,18:00,09:00,18:00,09:00,18:00,09:00,18:00,09:00,18:00,09:00,13:00,,,,,37.3945691,126.9628679
평촌태평양약국,안양시,경기도 안양시 동안구 평촌대로227번길 50,경기도 안양시 동안구 호계동 1041-3번지 명성빌딩 3호,14072,031-384-2890,10:00,20:00,10:00,20:00,10:00,20:00,10:00,20:00,10:00,20:00,09:00,21:00,10:00,20:00,09:00,21:00,37.3910429,126.9526354
평촌하늘약국,안양시,경기도 안양시 동안구 관평로182번길 54,경기도 안양시 동안구 관양동 1604-4번지 평촌벌말프라자 1층 103호,14066,031-385-1649,,,,,,,,,,,,,,,,,37.3938589,126.9632684
플러스약국,안양시,경기도 안양시 동안구 흥안대로 524,경기도 안양시 동안구 관양동 1505-25번지 삼우프라자 1층 101호,13943,031-425-4215,09:00,18:00,09:00,18:00,09:00,18:00,09:00,18:00,09:00,18:00,09:00,13:00,,,,,37.4007453,126.9773423
피영온누리약국,안양시,경기도 안양시 동안구 평촌대로 371,경기도 안양시 동안구 비산동 1026-14번지 1층,13919,031-388-5900,09:00,22:00,09:00,22:00,09:00,22:00,09:00,22:00,09:00,22:00,09:00,22:00,,,09:00,22:00,37.4038347,126.9490397
하나약국,안양시,경기도 안양시 만안구 삼덕로 6,경기도 안양시 만안구 안양동 627-204번지,13999,031-441-8466,08:30,18:30,08:30,18:30,08:30,18:30,08:30,18:30,08:30,18:30,08:30,13:30,,,,,37.3938291,126.9243718
하이약국,안양시,경기도 안양시 만안구 안양로 330-1,경기도 안양시 만안구 안양동 689-180번지 1층,13991,031-000-0000,09:00,18:00,09:00,18:00,09:00,18:00,09:00,18:00,09:00,18:00,09:00,13:00,,,,,37.4013326,126.9196707
한독약국,안양시,경기도 안양시 동안구 경수대로 707,경기도 안양시 동안구 호계동 923번지,14078,031-452-3127,08:30,19:00,08:30,19:00,08:30,19:00,08:30,19:00,08:30,19:00,08:30,14:00,,,09:00,18:00,37.3847358,126.9512241
한림생약국,안양시,경기도 안양시 만안구 만안로 284,경기도 안양시 만안구 안양동 861-32번지 마인빌 204호,13991,031-447-5188,10:00,17:00,10:00,17:00,10:00,17:00,10:00,17:00,10:00,17:00,,,,,,,37.4051438,126.9193362
한마음약국,안양시,경기도 안양시 동안구 관악대로 165,경기도 안양시 동안구 비산동 405-23번지 비산동근린빌딩 102호,13926,031-383-2308,09:00,18:30,09:00,18:30,09:00,18:30,09:00,18:30,09:00,18:30,09:00,14:00,,,,,37.3991255,126.9424083
한소망약국,안양시,경기도 안양시 동안구 흥안대로 378,경기도 안양시 동안구 평촌동 138-1번지 서울안과빌딩 101호,14064,031-421-8777,09:00,16:00,09:00,16:00,09:00,16:00,09:00,16:00,09:00,16:00,,,,,,,37.3881715,126.9733629
한양약국,안양시,경기도 안양시 동안구 관악대로 488,경기도 안양시 동안구 관양동 1488-39번지 인덕원메트로빌 308호,13951,031-426-8304,09:00,18:00,09:00,18:00,09:00,18:00,09:00,18:00,09:00,18:00,09:00,13:00,,,,,37.4020176,126.9756048
한일약국,안양시,경기도 안양시 만안구 충훈로 87,경기도 안양시 만안구 석수동 785-17번지,13974,031-471-3892,08:30,19:30,08:30,19:30,08:30,19:30,08:30,19:30,08:30,19:30,08:30,13:00,09:30,12:30,,,37.4075287,126.8987529
해그린약국,안양시,경기도 안양시 동안구 경수대로 609,경기도 안양시 동안구 호계동 943-2번지 203호,14114,031-452-7999,09:00,19:00,09:00,19:00,09:00,19:00,09:00,19:00,09:00,19:00,09:00,14:00,,,,,37.3767152,126.9554842
해림약국,안양시,경기도 안양시 동안구 흥안대로145번길 145,경기도 안양시 동안구 호계동 1291번지 평촌더샵아이파크 상가동 101호,14109,031-429-3361,09:00,19:00,09:00,19:00,09:00,19:00,09:00,19:00,09:00,19:00,09:00,13:00,,,,,37.3768733,126.9565335
해맑은약국,안양시,경기도 안양시 동안구 엘에스로 45,경기도 안양시 동안구 호계동 711-1번지 대영골든타워 110호,14121,031-456-3134,08:00,22:30,08:00,22:30,08:00,22:30,08:00,22:30,08:00,22:30,08:00,22:30,,,,,37.367446,126.9548171
해온약국,안양시,경기도 안양시 동안구 엘에스로 37,경기도 안양시 동안구 호계동 712번지 주식회사금명상사금명빌딩 1층 102호,14121,031-429-0102,09:00,19:00,09:00,20:10,09:00,19:00,09:00,20:10,09:00,19:00,09:00,15:00,,,,,37.3672132,126.9551463
햇살약국,안양시,,경기도 안양시 동안구 비산동 1101-2번지 샛별한양아파트,14043,031-388-8675,09:00,18:30,09:00,18:30,09:00,18:30,09:00,18:30,09:00,18:30,09:00,15:30,,,,,37.3968422,126.9494977
햇살약국,안양시,경기도 안양시 동안구 경수대로 544,경기도 안양시 동안구 호계동 1003번지 1층 2호,14112,070-4001-1383,09:00,18:00,09:00,18:00,09:00,18:00,09:00,18:00,09:00,18:00,09:00,13:00,,,,,37.3711575,126.9582688
행복한약국,안양시,경기도 안양시 동안구 흥안대로 458,경기도 안양시 동안구 평촌동 72-9번지 평촌메가타운 102호,14061,031-425-6520,09:00,21:00,09:00,21:00,09:00,21:00,09:00,21:00,09:00,21:00,09:00,18:00,,,,,37.3949532,126.9761511
현대약국,안양시,경기도 안양시 동안구 경수대로 458,경기도 안양시 동안구 호계동 811번지 현대홈타운 상가 140호,14125,031-454-5812,09:00,21:00,09:00,21:00,09:00,21:00,09:00,21:00,09:00,21:00,09:00,21:00,,,,,37.3640808,126.9600475
혜전약국,안양시,경기도 안양시 동안구 흥안대로 519,경기도 안양시 동안구 관양동 1502-6번지 아이퍼스트타워 304호,13951,031-423-7963,09:00,19:30,09:00,19:30,09:00,19:30,09:00,19:30,09:00,19:30,09:00,15:30,,,,,37.4003344,126.9761475
호계약국,안양시,경기도 안양시 동안구 경수대로 527,경기도 안양시 동안구 호계동 968-3번지,14120,031-456-0200,09:00,20:00,09:00,20:00,09:00,20:00,09:00,20:00,09:00,20:00,,,,,,,37.3698291,126.957533
호계온누리약국,안양시,경기도 안양시 동안구 경수대로 430,경기도 안양시 동안구 호계동 813번지 호계이편안아파트상가 22상가동 105호,14126,031-477-7551,09:00,21:00,09:00,21:00,09:00,21:00,09:00,21:00,09:00,21:00,09:00,17:00,,,,,37.3634305,126.9617348
호계제일약국,안양시,경기도 안양시 동안구 경수대로 454,경기도 안양시 동안구 호계동 804-9번지 유환프라자 102호,14125,031-687-8744,09:00,18:00,09:00,18:00,09:00,18:00,09:00,18:00,09:00,18:00,09:00,13:00,,,,,37.3637399,126.9604
호수약국,안양시,경기도 안양시 만안구 병목안로 69,경기도 안양시 만안구 안양동 710-41번지 성원아파트 상가동 104호,14021,031-469-2029,09:00,20:00,09:00,20:00,09:00,20:00,09:00,20:00,09:00,20:00,09:00,14:00,,,09:00,21:00,37.3954228,126.9148244
홈타운약국,안양시,경기도 안양시 동안구 경수대로 462,경기도 안양시 동안구 호계동 811번지 호계2차현대홈타운 상가 125호,14125,031-459-0777,09:00,21:30,09:00,21:30,09:00,21:30,09:00,21:30,09:00,21:30,09:00,21:00,,,,,37.3658093,126.9595834
효자원한약국,안양시,경기도 안양시 만안구 병목안로 121,경기도 안양시 만안구 안양동 759-59번지 1층,14020,031-444-1075,09:00,18:00,09:00,18:00,09:00,18:00,09:00,18:00,09:00,18:00,,,,,,,37.3928022,126.9098627
휴베이스봄약국,안양시,경기도 안양시 동안구 경수대로 428,경기도 안양시 동안구 호계동 873번지 덕유파크 111호,14126,031-429-5949,09:00,20:00,09:00,20:00,09:00,20:00,09:00,20:00,09:00,20:00,09:00,15:00,,,,,37.3622442,126.9624999
희망약국,안양시,경기도 안양시 만안구 안양로 283,경기도 안양시 만안구 안양동 676-116번지 1층,14001,031-468-7969,09:00,15:30,09:00,15:30,09:00,15:30,09:00,15:30,09:00,15:30,,,,,,,37.3975762,126.9219818
힐링약국,안양시,경기도 안양시 동안구 관악대로106번길 77,경기도 안양시 동안구 비산동 409번지 비산롯데캐슬 상가동 1층 107호,13954,031-387-9111,09:00,18:00,09:00,18:00,09:00,18:00,09:00,18:00,09:00,18:00,09:00,13:00,,,,,37.3984151,126.9389564