MRKT_NM,MRKT_TYPE,RDNMADR,LNMADR,MRKT_ESTBL_CYCLE,LATITUDE,LONGITUDE,STOR_NUMBER,TRTMNT_PRDLST,USE_GCCT,HOMEPAGE_URL,PBLIC_TOILET_YN,PRKPLCE_YN,ESTBL_YEAR,PHONE_NUMBER,REFERENCE_DATE
중부농수산물시장,상설장,경기도 안양시 만안구 안양로248번길23,경기도 안양시 만안구 안양동 622-337,매일,37.39590837,126.9256223,30,농산물+가공식품,,,Y,Y,1982,,2025-11-10
안양중앙인정시장,상설장,경기도 안양시 만안구 냉천로185번길 8,경기도 안양시 만안구 안양동 711-280,매일,37.39648106,126.9195685,393,농산물+축산물+수산물+가공식품+의류+신발+가정용품+음식점,,,Y,Y,2006,031-447-9961,2025-11-10
육동시장,상설장,경기도 안양시 만안구 수리산로 47번길 38,경기도 안양시 만안구 안양동 434-3,매일,37.39058613,126.9302236,12,농산물+축산물+의류+음식점,,,N,N,1980,031-449-1205,2025-11-10
석수시장,상설장,경기도 안양시 만안구 석천로 171번길 20,경기도 안양시 만안구 석수동 287,매일,37.4128602,126.9079728,135,가공식품+음식점,,,Y,Y,1979,,2025-11-10
중앙시장,상설장,경기도 안양시 만안구 냉천로 196,경기도 안양시 만안구 안양동 676-44,매일,37.39757136,126.919669,315,농산물+가공식품+가정용품+음식점,,,Y,Y,1961,031-449-6047,2025-11-10
안양남부시장,상설장,경기도 안양시 만안구 장내로 140번길 51,경기도 안양시 만안구 안양동 622-378,매일,37.39593498,126.924956,163,농산물+축산물+수산물+가공식품+의류+신발+가정용품+음식점,,,Y,Y,2005,031-449-7400,2025-11-10
안양호계종합시장,상설장,경기도 안양시 동안구 흥안대로133번길 59-2,경기도 안양시 동안구 호계동 995-10,매일,37.37338078,126.9582499,178,농산물+수산물+가공식품+의류+신발+가정용품+음식점,,,Y,Y,2008,031-453-4766,2025-11-10
안양관양시장,상설장,경기도 안양시 동안구 관평로 336번길 31,경기도 안양시 동안구 관양동 1407-8,매일,37.4052233,126.9593052,144,농산물+축산물+수산물+가공식품+의류+신발+가정용품+음식점,,,Y,N,2006,031-386-5577,2025-11-10
박달시장,상설장,경기도 안양시 만안구 양화로 132-3,경기도 안양시 만안구 박달동 21-8,매일,37.40464613,126.9096092,127,농산물+축산물+가공식품+음식점,,,Y,Y,2005,031-469-2660,2025-11-10
