gu,dong,age_band,total,male,female
만안구,안양1동,계,18504,9221,9283
만안구,안양2동,계,22147,11099,11048
만안구,안양3동,계,14790,7280,7510
만안구,안양4동,계,6457,3222,3235
만안구,안양5동,계,14547,7207,7340
만안구,안양6동,계,26928,13550,13378
만안구,안양7동,계,14608,7178,7430
만안구,안양8동,계,7827,4038,3789
만안구,안양9동,계,15597,7675,7922
만안구,석수1동,계,18291,8895,9396
만안구,석수2동,계,28786,14357,14429
만안구,충훈동,계,11717,5964,5753
만안구,박달동,계,13420,6715,6705
만안구,호현동,계,20130,9991,10139
동안구,비산1동,계,28231,13687,14544
동안구,비산2동,계,13192,6478,6714
동안구,비산3동,계,17899,8850,9049
동안구,부흥동,계,15946,7621,8325
동안구,달안동,계,9386,4187,5199
동안구,관양동,계,32076,15704,16372
동안구,인덕원동,계,17870,9157,8713
동안구,부림동,계,26355,12730,13625
동안구,평촌동,계,14872,7308,7564
동안구,평안동,계,22351,10899,11452
동안구,귀인동,계,16046,7955,8091
동안구,호계1동,계,26915,13440,13475
동안구,호계2동,계,27009,13167,13842
동안구,호계3동,계,23860,11957,11903
동안구,범계동,계,14995,7222,7773
동안구,신촌동,계,12232,5935,6297
동안구,갈산동,계,10295,5007,5288
만안구,안양1동,0~4세,774,407,367
만안구,안양2동,0~4세,597,311,286
만안구,안양3동,0~4세,159,80,79
만안구,안양4동,0~4세,69,37,32
만안구,안양5동,0~4세,589,301,288
만안구,안양6동,0~4세,1018,489,529
만안구,안양7동,0~4세,688,344,344
만안구,안양8동,0~4세,85,41,44
만안구,안양9동,0~4세,223,115,108
만안구,석수1동,0~4세,491,247,244
만안구,석수2동,0~4세,641,339,302
만안구,충훈동,0~4세,261,120,141
만안구,박달동,0~4세,139,69,70
만안구,호현동,0~4세,633,332,301
동안구,비산1동,0~4세,1196,601,595
동안구,비산2동,0~4세,550,314,236
동안구,비산3동,0~4세,667,331,336
동안구,부흥동,0~4세,428,213,215
동안구,달안동,0~4세,201,114,87
동안구,관양동,0~4세,496,247,249
동안구,인덕원동,0~4세,421,215,206
동안구,부림동,0~4세,934,502,432
동안구,평촌동,0~4세,480,239,241
동안구,평안동,0~4세,710,357,353
동안구,귀인동,0~4세,194,99,95
동안구,호계1동,0~4세,1497,761,736
동안구,호계2동,0~4세,1046,568,478
동안구,호계3동,0~4세,840,409,431
동안구,범계동,0~4세,335,162,173
동안구,신촌동,0~4세,320,168,152
동안구,갈산동,0~4세,118,61,57
만안구,안양1동,5~9세,518,262,256
만안구,안양2동,5~9세,524,266,258
만안구,안양3동,5~9세,273,154,119
만안구,안양4동,5~9세,71,37,34
만안구,안양5동,5~9세,424,207,217
만안구,안양6동,5~9세,766,379,387
만안구,안양7동,5~9세,657,322,335
만안구,안양8동,5~9세,110,55,55
만안구,안양9동,5~9세,321,156,165
만안구,석수1동,5~9세,516,280,236
만안구,석수2동,5~9세,691,333,358
만안구,충훈동,5~9세,276,131,145
만안구,박달동,5~9세,220,106,114
만안구,호현동,5~9세,796,399,397
동안구,비산1동,5~9세,1256,638,618
동안구,비산2동,5~9세,586,317,269
동안구,비산3동,5~9세,585,278,307
동안구,부흥동,5~9세,562,306,256
동안구,달안동,5~9세,159,89,70
동안구,관양동,5~9세,614,310,304
동안구,인덕원동,5~9세,425,213,212
동안구,부림동,5~9세,652,321,331
동안구,평촌동,5~9세,536,283,253
동안구,평안동,5~9세,1212,617,595
동안구,귀인동,5~9세,815,441,374
동안구,호계1동,5~9세,1717,849,868
동안구,호계2동,5~9세,936,452,484
동안구,호계3동,5~9세,794,412,382
동안구,범계동,5~9세,536,294,242
동안구,신촌동,5~9세,468,236,232
동안구,갈산동,5~9세,348,169,179
만안구,안양1동,10~14세,509,261,248
만안구,안양2동,10~14세,632,311,321
만안구,안양3동,10~14세,385,199,186
만안구,안양4동,10~14세,142,66,76
만안구,안양5동,10~14세,418,229,189
만안구,안양6동,10~14세,674,353,321
만안구,안양7동,10~14세,688,348,340
만안구,안양8동,10~14세,194,108,86
만안구,안양9동,10~14세,479,248,231
만안구,석수1동,10~14세,607,302,305
만안구,석수2동,10~14세,967,518,449
만안구,충훈동,10~14세,412,215,197
만안구,박달동,10~14세,354,162,192
만안구,호현동,10~14세,1031,535,496
동안구,비산1동,10~14세,1201,612,589
동안구,비산2동,10~14세,566,276,290
동안구,비산3동,10~14세,578,289,289
동안구,부흥동,10~14세,828,437,391
동안구,달안동,10~14세,194,99,95
동안구,관양동,10~14세,843,455,388
동안구,인덕원동,10~14세,543,279,264
동안구,부림동,10~14세,1004,509,495
동안구,평촌동,10~14세,744,358,386
동안구,평안동,10~14세,1797,904,893
동안구,귀인동,10~14세,1895,1021,874
동안구,호계1동,10~14세,1787,928,859
동안구,호계2동,10~14세,1186,583,603
동안구,호계3동,10~14세,921,472,449
동안구,범계동,10~14세,1027,520,507
동안구,신촌동,10~14세,683,344,339
동안구,갈산동,10~14세,786,341,445
만안구,안양1동,15~19세,691,343,348
만안구,안양2동,15~19세,701,346,355
만안구,안양3동,15~19세,561,280,281
만안구,안양4동,15~19세,236,101,135
만안구,안양5동,15~19세,563,294,269
만안구,안양6동,15~19세,843,444,399
만안구,안양7동,15~19세,565,295,270
만안구,안양8동,15~19세,242,123,119
만안구,안양9동,15~19세,546,254,292
만안구,석수1동,15~19세,634,337,297
만안구,석수2동,15~19세,1092,582,510
만안구,충훈동,15~19세,516,282,234
만안구,박달동,15~19세,507,268,239
만안구,호현동,15~19세,1053,551,502
동안구,비산1동,15~19세,1165,585,580
동안구,비산2동,15~19세,600,298,302
동안구,비산3동,15~19세,661,353,308
동안구,부흥동,15~19세,983,517,466
동안구,달안동,15~19세,255,148,107
동안구,관양동,15~19세,1181,611,570
동안구,인덕원동,15~19세,609,301,308
동안구,부림동,15~19세,1059,555,504
동안구,평촌동,15~19세,745,373,372
동안구,평안동,15~19세,1536,810,726
동안구,귀인동,15~19세,1517,802,715
동안구,호계1동,15~19세,1224,658,566
동안구,호계2동,15~19세,1285,651,634
동안구,호계3동,15~19세,990,501,489
동안구,범계동,15~19세,963,499,464
동안구,신촌동,15~19세,855,419,436
동안구,갈산동,15~19세,725,357,368
만안구,안양1동,20~24세,974,488,486
만안구,안양2동,20~24세,1056,527,529
만안구,안양3동,20~24세,804,405,399
만안구,안양4동,20~24세,368,167,201
만안구,안양5동,20~24세,639,322,317
만안구,안양6동,20~24세,1123,540,583
만안구,안양7동,20~24세,608,315,293
만안구,안양8동,20~24세,411,211,200
만안구,안양9동,20~24세,638,337,301
만안구,석수1동,20~24세,824,434,390
만안구,석수2동,20~24세,1391,706,685
만안구,충훈동,20~24세,607,349,258
만안구,박달동,20~24세,582,280,302
만안구,호현동,20~24세,987,522,465
동안구,비산1동,20~24세,1379,716,663
동안구,비산2동,20~24세,705,364,341
동안구,비산3동,20~24세,806,430,376
동안구,부흥동,20~24세,831,440,391
동안구,달안동,20~24세,317,145,172
동안구,관양동,20~24세,1522,808,714
동안구,인덕원동,20~24세,893,431,462
동안구,부림동,20~24세,1194,577,617
동안구,평촌동,20~24세,753,389,364
동안구,평안동,20~24세,1047,557,490
동안구,귀인동,20~24세,850,437,413
동안구,호계1동,20~24세,1019,521,498
동안구,호계2동,20~24세,1355,684,671
동안구,호계3동,20~24세,1096,566,530
동안구,범계동,20~24세,814,408,406
동안구,신촌동,20~24세,649,327,322
동안구,갈산동,20~24세,535,283,252
만안구,안양1동,25~29세,1299,656,643
만안구,안양2동,25~29세,1610,819,791
만안구,안양3동,25~29세,1052,561,491
만안구,안양4동,25~29세,487,261,226
만안구,안양5동,25~29세,881,448,433
만안구,안양6동,25~29세,2212,1064,1148
만안구,안양7동,25~29세,881,453,428
만안구,안양8동,25~29세,575,331,244
만안구,안양9동,25~29세,936,525,411
만안구,석수1동,25~29세,1116,577,539
만안구,석수2동,25~29세,1948,1037,911
만안구,충훈동,25~29세,754,439,315
만안구,박달동,25~29세,861,439,422
만안구,호현동,25~29세,1261,673,588
동안구,비산1동,25~29세,1672,830,842
동안구,비산2동,25~29세,726,365,361
동안구,비산3동,25~29세,1268,673,595
동안구,부흥동,25~29세,936,475,461
동안구,달안동,25~29세,791,341,450
동안구,관양동,25~29세,2625,1427,1198
동안구,인덕원동,25~29세,1606,941,665
동안구,부림동,25~29세,2025,959,1066
동안구,평촌동,25~29세,980,512,468
동안구,평안동,25~29세,1041,527,514
동안구,귀인동,25~29세,714,364,350
동안구,호계1동,25~29세,1331,637,694
동안구,호계2동,25~29세,1810,888,922
동안구,호계3동,25~29세,1691,879,812
동안구,범계동,25~29세,919,496,423
동안구,신촌동,25~29세,695,363,332
동안구,갈산동,25~29세,627,339,288
만안구,안양1동,30~34세,1825,929,896
만안구,안양2동,30~34세,1921,1029,892
만안구,안양3동,30~34세,1063,606,457
만안구,안양4동,30~34세,482,252,230
만안구,안양5동,30~34세,1213,610,603
만안구,안양6동,30~34세,3093,1653,1440
만안구,안양7동,30~34세,1321,648,673
만안구,안양8동,30~34세,574,336,238
만안구,안양9동,30~34세,994,547,447
만안구,석수1동,30~34세,1271,659,612
만안구,석수2동,30~34세,2035,1062,973
만안구,충훈동,30~34세,793,437,356
만안구,박달동,30~34세,827,468,359
만안구,호현동,30~34세,1451,742,709
동안구,비산1동,30~34세,2059,973,1086
동안구,비산2동,30~34세,926,442,484
동안구,비산3동,30~34세,1574,804,770
동안구,부흥동,30~34세,1028,507,521
동안구,달안동,30~34세,1301,631,670
동안구,관양동,30~34세,2547,1441,1106
동안구,인덕원동,30~34세,1714,975,739
동안구,부림동,30~34세,3208,1596,1612
동안구,평촌동,30~34세,1135,592,543
동안구,평안동,30~34세,1470,727,743
동안구,귀인동,30~34세,463,242,221
동안구,호계1동,30~34세,2325,1106,1219
동안구,호계2동,30~34세,2286,1137,1149
동안구,호계3동,30~34세,2013,1038,975
동안구,범계동,30~34세,1211,579,632
동안구,신촌동,30~34세,720,353,367
동안구,갈산동,30~34세,441,252,189
만안구,안양1동,35~39세,1664,853,811
만안구,안양2동,35~39세,1674,911,763
만안구,안양3동,35~39세,787,424,363
만안구,안양4동,35~39세,339,203,136
만안구,안양5동,35~39세,1222,651,571
만안구,안양6동,35~39세,2430,1316,1114
만안구,안양7동,35~39세,1257,601,656
만안구,안양8동,35~39세,428,256,172
만안구,안양9동,35~39세,841,476,365
만안구,석수1동,35~39세,1204,599,605
만안구,석수2동,35~39세,1660,860,800
만안구,충훈동,35~39세,652,348,304
만안구,박달동,35~39세,637,363,274
만안구,호현동,35~39세,1405,712,693
동안구,비산1동,35~39세,2544,1248,1296
동안구,비산2동,35~39세,1123,546,577
동안구,비산3동,35~39세,1385,731,654
동안구,부흥동,35~39세,1003,494,509
동안구,달안동,35~39세,868,452,416
동안구,관양동,35~39세,1808,982,826
동안구,인덕원동,35~39세,1294,708,586
동안구,부림동,35~39세,2622,1398,1224
동안구,평촌동,35~39세,988,498,490
동안구,평안동,35~39세,1655,766,889
동안구,귀인동,35~39세,589,246,343
동안구,호계1동,35~39세,2975,1489,1486
동안구,호계2동,35~39세,2225,1149,1076
동안구,호계3동,35~39세,1891,989,902
동안구,범계동,35~39세,993,482,511
동안구,신촌동,35~39세,792,397,395
동안구,갈산동,35~39세,453,215,238
만안구,안양1동,40~44세,1305,716,589
만안구,안양2동,40~44세,1513,837,676
만안구,안양3동,40~44세,876,482,394
만안구,안양4동,40~44세,385,229,156
만안구,안양5동,40~44세,1066,578,488
만안구,안양6동,40~44세,2205,1212,993
만안구,안양7동,40~44세,1359,727,632
만안구,안양8동,40~44세,441,259,182
만안구,안양9동,40~44세,896,469,427
만안구,석수1동,40~44세,1187,595,592
만안구,석수2동,40~44세,1827,968,859
만안구,충훈동,40~44세,665,337,328
만안구,박달동,40~44세,671,373,298
만안구,호현동,40~44세,1547,801,746
동안구,비산1동,40~44세,2355,1233,1122
동안구,비산2동,40~44세,1097,579,518
동안구,비산3동,40~44세,1247,657,590
동안구,부흥동,40~44세,1168,538,630
동안구,달안동,40~44세,722,359,363
동안구,관양동,40~44세,1791,975,816
동안구,인덕원동,40~44세,1217,650,567
동안구,부림동,40~44세,2186,1110,1076
동안구,평촌동,40~44세,1062,526,536
동안구,평안동,40~44세,2176,1025,1151
동안구,귀인동,40~44세,1523,642,881
동안구,호계1동,40~44세,3057,1556,1501
동안구,호계2동,40~44세,2064,1055,1009
동안구,호계3동,40~44세,1764,936,828
동안구,범계동,40~44세,1058,468,590
동안구,신촌동,40~44세,932,441,491
동안구,갈산동,40~44세,720,330,390
만안구,안양1동,45~49세,1182,597,585
만안구,안양2동,45~49세,1365,691,674
만안구,안양3동,45~49세,956,505,451
만안구,안양4동,45~49세,395,221,174
만안구,안양5동,45~49세,977,497,480
만안구,안양6동,45~49세,1783,956,827
만안구,안양7동,45~49세,1150,590,560
만안구,안양8동,45~49세,508,272,236
만안구,안양9동,45~49세,1000,534,466
만안구,석수1동,45~49세,1149,548,601
만안구,석수2동,45~49세,1903,967,936
만안구,충훈동,45~49세,786,408,378
만안구,박달동,45~49세,876,451,425
만안구,호현동,45~49세,1492,742,750
동안구,비산1동,45~49세,1997,950,1047
동안구,비산2동,45~49세,955,464,491
동안구,비산3동,45~49세,1102,575,527
동안구,부흥동,45~49세,1316,587,729
동안구,달안동,45~49세,604,255,349
동안구,관양동,45~49세,1836,877,959
동안구,인덕원동,45~49세,1131,566,565
동안구,부림동,45~49세,1992,919,1073
동안구,평촌동,45~49세,1049,503,546
동안구,평안동,45~49세,2322,1087,1235
동안구,귀인동,45~49세,1990,913,1077
동안구,호계1동,45~49세,2331,1222,1109
동안구,호계2동,45~49세,2094,1013,1081
동안구,호계3동,45~49세,1570,801,769
동안구,범계동,45~49세,1340,604,736
동안구,신촌동,45~49세,1008,474,534
동안구,갈산동,45~49세,914,413,501
만안구,안양1동,50~54세,1484,713,771
만안구,안양2동,50~54세,1658,842,816
만안구,안양3동,50~54세,1178,584,594
만안구,안양4동,50~54세,485,257,228
만안구,안양5동,50~54세,1093,559,534
만안구,안양6동,50~54세,1926,959,967
만안구,안양7동,50~54세,1109,532,577
만안구,안양8동,50~54세,610,321,289
만안구,안양9동,50~54세,1166,562,604
만안구,석수1동,50~54세,1572,733,839
만안구,석수2동,50~54세,2401,1191,1210
만안구,충훈동,50~54세,1007,519,488
만안구,박달동,50~54세,1190,621,569
만안구,호현동,50~54세,1616,809,807
동안구,비산1동,50~54세,2290,1050,1240
동안구,비산2동,50~54세,1098,517,581
동안구,비산3동,50~54세,1424,666,758
동안구,부흥동,50~54세,1460,708,752
동안구,달안동,50~54세,728,337,391
동안구,관양동,50~54세,2523,1134,1389
동안구,인덕원동,50~54세,1523,756,767
동안구,부림동,50~54세,2346,1111,1235
동안구,평촌동,50~54세,1255,571,684
동안구,평안동,50~54세,2101,1075,1026
동안구,귀인동,50~54세,1739,917,822
동안구,호계1동,50~54세,2011,1014,997
동안구,호계2동,50~54세,2235,1044,1191
동안구,호계3동,50~54세,1846,882,964
동안구,범계동,50~54세,1450,708,742
동안구,신촌동,50~54세,1117,522,595
동안구,갈산동,50~54세,949,499,450
만안구,안양1동,55~59세,1591,770,821
만안구,안양2동,55~59세,1948,910,1038
만안구,안양3동,55~59세,1374,629,745
만안구,안양4동,55~59세,590,295,295
만안구,안양5동,55~59세,1140,558,582
만안구,안양6동,55~59세,2092,1033,1059
만안구,안양7동,55~59세,1080,528,552
만안구,안양8동,55~59세,747,385,362
만안구,안양9동,55~59세,1509,734,775
만안구,석수1동,55~59세,1707,789,918
만안구,석수2동,55~59세,2850,1401,1449
만안구,충훈동,55~59세,1160,563,597
만안구,박달동,55~59세,1429,747,682
만안구,호현동,55~59세,1642,711,931
동안구,비산1동,55~59세,2258,1077,1181
동안구,비산2동,55~59세,1062,508,554
동안구,비산3동,55~59세,1547,721,826
동안구,부흥동,55~59세,1270,618,652
동안구,달안동,55~59세,691,294,397
동안구,관양동,55~59세,3241,1496,1745
동안구,인덕원동,55~59세,1584,802,782
동안구,부림동,55~59세,2004,940,1064
동안구,평촌동,55~59세,1536,708,828
동안구,평안동,55~59세,1520,772,748
동안구,귀인동,55~59세,1112,579,533
동안구,호계1동,55~59세,1656,829,827
동안구,호계2동,55~59세,2204,1022,1182
동안구,호계3동,55~59세,2171,1032,1139
동안구,범계동,55~59세,1191,581,610
동안구,신촌동,55~59세,1016,482,534
동안구,갈산동,55~59세,862,418,444
만안구,안양1동,60~64세,1422,710,712
만안구,안양2동,60~64세,2009,1007,1002
만안구,안양3동,60~64세,1528,706,822
만안구,안양4동,60~64세,618,319,299
만안구,안양5동,60~64세,1184,584,600
만안구,안양6동,60~64세,1969,972,997
만안구,안양7동,60~64세,1008,489,519
만안구,안양8동,60~64세,774,371,403
만안구,안양9동,60~64세,1654,760,894
만안구,석수1동,60~64세,1642,765,877
만안구,석수2동,60~64세,2846,1422,1424
만안구,충훈동,60~64세,1167,587,580
만안구,박달동,60~64세,1427,745,682
만안구,호현동,60~64세,1698,797,901
동안구,비산1동,60~64세,2163,997,1166
동안구,비산2동,60~64세,1038,484,554
동안구,비산3동,60~64세,1641,801,840
동안구,부흥동,60~64세,1121,512,609
동안구,달안동,60~64세,664,260,404
동안구,관양동,60~64세,3334,1534,1800
동안구,인덕원동,60~64세,1579,781,798
동안구,부림동,60~64세,1613,734,879
동안구,평촌동,60~64세,1374,719,655
동안구,평안동,60~64세,1099,496,603
동안구,귀인동,60~64세,852,423,429
동안구,호계1동,60~64세,1352,632,720
동안구,호계2동,60~64세,1981,961,1020
동안구,호계3동,60~64세,2082,994,1088
동안구,범계동,60~64세,975,453,522
동안구,신촌동,60~64세,941,433,508
동안구,갈산동,60~64세,804,391,413
만안구,안양1동,65~69세,1270,597,673
만안구,안양2동,65~69세,1856,906,950
만안구,안양3동,65~69세,1493,693,800
만안구,안양4동,65~69세,585,279,306
만안구,안양5동,65~69세,1099,509,590
만안구,안양6동,65~69세,1866,884,982
만안구,안양7동,65~69세,821,379,442
만안구,안양8동,65~69세,844,388,456
만안구,안양9동,65~69세,1614,755,859
만안구,석수1동,65~69세,1645,809,836
만안구,석수2동,65~69세,2403,1202,1201
만안구,충훈동,65~69세,1102,563,539
만안구,박달동,65~69세,1329,622,707
만안구,호현동,65~69세,1540,759,781
동안구,비산1동,65~69세,2016,951,1065
동안구,비산2동,65~69세,862,431,431
동안구,비산3동,65~69세,1438,699,739
동안구,부흥동,65~69세,1108,479,629
동안구,달안동,65~69세,700,275,425
동안구,관양동,65~69세,2938,1408,1530
동안구,인덕원동,65~69세,1251,631,620
동안구,부림동,65~69세,1415,658,757
동안구,평촌동,65~69세,917,464,453
동안구,평안동,65~69세,1080,514,566
동안구,귀인동,65~69세,665,327,338
동안구,호계1동,65~69세,1160,567,593
동안구,호계2동,65~69세,1855,876,979
동안구,호계3동,65~69세,1851,937,914
동안구,범계동,65~69세,821,413,408
동안구,신촌동,65~69세,870,427,443
동안구,갈산동,65~69세,777,368,409
만안구,안양1동,70~74세,868,421,447
만안구,안양2동,70~74세,1227,602,625
만안구,안양3동,70~74세,960,457,503
만안구,안양4동,70~74세,427,207,220
만안구,안양5동,70~74세,768,365,403
만안구,안양6동,70~74세,1186,547,639
만안구,안양7동,70~74세,605,280,325
만안구,안양8동,70~74세,558,275,283
만안구,안양9동,70~74세,1124,528,596
만안구,석수1동,70~74세,1085,519,566
만안구,석수2동,70~74세,1540,731,809
만안구,충훈동,70~74세,628,313,315
만안구,박달동,70~74세,859,412,447
만안구,호현동,70~74세,838,421,417
동안구,비산1동,70~74세,1215,610,605
동안구,비산2동,70~74세,541,255,286
동안구,비산3동,70~74세,773,374,399
동안구,부흥동,70~74세,790,389,401
동안구,달안동,70~74세,396,177,219
동안구,관양동,70~74세,1985,902,1083
동안구,인덕원동,70~74세,819,379,440
동안구,부림동,70~74세,783,388,395
동안구,평촌동,70~74세,503,242,261
동안구,평안동,70~74세,614,327,287
동안구,귀인동,70~74세,429,212,217
동안구,호계1동,70~74세,706,338,368
동안구,호계2동,70~74세,1074,527,547
동안구,호계3동,70~74세,1089,573,516
동안구,범계동,70~74세,486,233,253
동안구,신촌동,70~74세,501,271,230
동안구,갈산동,70~74세,483,241,242
만안구,안양1동,75~79세,556,268,288
만안구,안양2동,75~79세,802,388,414
만안구,안양3동,75~79세,652,281,371
만안구,안양4동,75~79세,311,124,187
만안구,안양5동,75~79세,518,238,280
만안구,안양6동,75~79세,783,378,405
만안구,안양7동,75~79세,355,152,203
만안구,안양8동,75~79세,334,158,176
만안구,안양9동,75~79세,753,358,395
만안구,석수1동,75~79세,769,377,392
만안구,석수2동,75~79세,1111,515,596
만안구,충훈동,75~79세,420,196,224
만안구,박달동,75~79세,671,295,376
만안구,호현동,75~79세,558,282,276
동안구,비산1동,75~79세,686,330,356
동안구,비산2동,75~79세,368,176,192
동안구,비산3동,75~79세,535,255,280
동안구,부흥동,75~79세,480,203,277
동안구,달안동,75~79세,276,84,192
동안구,관양동,75~79세,1261,572,689
동안구,인덕원동,75~79세,545,252,293
동안구,부림동,75~79세,516,197,319
동안구,평촌동,75~79세,325,156,169
동안구,평안동,75~79세,372,159,213
동안구,귀인동,75~79세,290,125,165
동안구,호계1동,75~79세,373,182,191
동안구,호계2동,75~79세,654,298,356
동안구,호계3동,75~79세,595,304,291
동안구,범계동,75~79세,336,139,197
동안구,신촌동,75~79세,345,164,181
동안구,갈산동,75~79세,330,169,161
만안구,안양1동,80~84세,324,152,172
만안구,안양2동,80~84세,591,252,339
만안구,안양3동,80~84세,384,146,238
만안구,안양4동,80~84세,242,86,156
만안구,안양5동,80~84세,413,157,256
만안구,안양6동,80~84세,525,234,291
만안구,안양7동,80~84세,254,109,145
만안구,안양8동,80~84세,225,89,136
만안구,안양9동,80~84세,497,192,305
만안구,석수1동,80~84세,457,210,247
만안구,석수2동,80~84세,794,321,473
만안구,충훈동,80~84세,262,100,162
만안구,박달동,80~84세,464,185,279
만안구,호현동,80~84세,288,113,175
동안구,비산1동,80~84세,406,169,237
동안구,비산2동,80~84세,221,92,129
동안구,비산3동,80~84세,359,131,228
동안구,부흥동,80~84세,332,118,214
동안구,달안동,80~84세,269,77,192
동안구,관양동,80~84세,831,311,520
동안구,인덕원동,80~84세,408,173,235
동안구,부림동,80~84세,401,136,265
동안구,평촌동,80~84세,221,88,133
동안구,평안동,80~84세,280,105,175
동안구,귀인동,80~84세,200,89,111
동안구,호계1동,80~84세,214,87,127
동안구,호계2동,80~84세,395,162,233
동안구,호계3동,80~84세,328,140,188
동안구,범계동,80~84세,251,109,142
동안구,신촌동,80~84세,157,69,88
동안구,갈산동,80~84세,206,90,116
만안구,안양1동,85~89세,181,63,118
만안구,안양2동,85~89세,308,98,210
만안구,안양3동,85~89세,217,69,148
만안구,안양4동,85~89세,153,48,105
만안구,안양5동,85~89세,234,81,153
만안구,안양6동,85~89세,288,94,194
만안구,안양7동,85~89세,127,52,75
만안구,안양8동,85~89세,124,45,79
만안구,안양9동,85~89세,276,95,181
만안구,석수1동,85~89세,275,89,186
만안구,석수2동,85~89세,467,143,324
만안구,충훈동,85~89세,175,44,131
만안구,박달동,85~89세,259,79,180
만안구,호현동,85~89세,191,64,127
동안구,비산1동,85~89세,240,83,157
동안구,비산2동,85~89세,100,41,59
동안구,비산3동,85~89세,202,56,146
동안구,부흥동,85~89세,173,56,117
동안구,달안동,85~89세,151,35,116
동안구,관양동,85~89세,472,160,312
동안구,인덕원동,85~89세,214,79,135
동안구,부림동,85~89세,275,92,183
동안구,평촌동,85~89세,198,65,133
동안구,평안동,85~89세,199,55,144
동안구,귀인동,85~89세,138,50,88
동안구,호계1동,85~89세,119,52,67
동안구,호계2동,85~89세,214,69,145
동안구,호계3동,85~89세,220,74,146
동안구,범계동,85~89세,175,50,125
동안구,신촌동,85~89세,98,35,63
동안구,갈산동,85~89세,128,50,78
만안구,안양1동,90~94세,55,14,41
만안구,안양2동,90~94세,119,40,79
만안구,안양3동,90~94세,75,16,59
만안구,안양4동,90~94세,56,24,32
만안구,안양5동,90~94세,89,18,71
만안구,안양6동,90~94세,121,37,84
만안구,안양7동,90~94세,52,10,42
만안구,안양8동,90~94세,38,13,25
만안구,안양9동,90~94세,107,28,79
만안구,석수1동,90~94세,106,24,82
만안구,석수2동,90~94세,171,51,120
만안구,충훈동,90~94세,65,13,52
만안구,박달동,90~94세,98,26,72
만안구,호현동,90~94세,87,23,64
동안구,비산1동,90~94세,98,25,73
동안구,비산2동,90~94세,51,8,43
동안구,비산3동,90~94세,89,20,69
동안구,부흥동,90~94세,103,19,84
동안구,달안동,90~94세,79,14,65
동안구,관양동,90~94세,184,41,143
동안구,인덕원동,90~94세,78,22,56
동안구,부림동,90~94세,104,22,82
동안구,평촌동,90~94세,63,19,44
동안구,평안동,90~94세,90,16,74
동안구,귀인동,90~94세,57,23,34
동안구,호계1동,90~94세,50,8,42
동안구,호계2동,90~94세,89,23,66
동안구,호계3동,90~94세,83,13,70
동안구,범계동,90~94세,86,21,65
동안구,신촌동,90~94세,46,8,38
동안구,갈산동,90~94세,69,19,50
만안구,안양1동,95~99세,10,1,9
만안구,안양2동,95~99세,26,5,21
만안구,안양3동,95~99세,13,3,10
만안구,안양4동,95~99세,16,9,7
만안구,안양5동,95~99세,16,1,15
만안구,안양6동,95~99세,23,6,17
만안구,안양7동,95~99세,19,4,15
만안구,안양8동,95~99세,5,1,4
만안구,안양9동,95~99세,22,2,20
만안구,석수1동,95~99세,29,2,27
만안구,석수2동,95~99세,40,8,32
만안구,충훈동,95~99세,8,0,8
만안구,박달동,95~99세,18,4,14
만안구,호현동,95~99세,16,3,13
동안구,비산1동,95~99세,31,9,22
동안구,비산2동,95~99세,14,1,13
동안구,비산3동,95~99세,18,6,12
동안구,부흥동,95~99세,25,5,20
동안구,달안동,95~99세,20,1,19
동안구,관양동,95~99세,39,11,28
동안구,인덕원동,95~99세,15,3,12
동안구,부림동,95~99세,21,5,16
동안구,평촌동,95~99세,6,2,4
동안구,평안동,95~99세,26,3,23
동안구,귀인동,95~99세,12,3,9
동안구,호계1동,95~99세,10,4,6
동안구,호계2동,95~99세,19,4,15
동안구,호계3동,95~99세,19,3,16
동안구,범계동,95~99세,28,3,25
동안구,신촌동,95~99세,17,2,15
동안구,갈산동,95~99세,19,2,17
만안구,안양1동,100세 이상,2,0,2
만안구,안양2동,100세 이상,10,1,9
만안구,안양3동,100세 이상,0,0,0
만안구,안양4동,100세 이상,0,0,0
만안구,안양5동,100세 이상,1,0,1
만안구,안양6동,100세 이상,2,0,2
만안구,안양7동,100세 이상,4,0,4
만안구,안양8동,100세 이상,0,0,0
만안구,안양9동,100세 이상,1,0,1
만안구,석수1동,100세 이상,5,0,5
만안구,석수2동,100세 이상,8,0,8
만안구,충훈동,100세 이상,1,0,1
만안구,박달동,100세 이상,2,0,2
만안구,호현동,100세 이상,0,0,0
동안구,비산1동,100세 이상,4,0,4
동안구,비산2동,100세 이상,3,0,3
동안구,비산3동,100세 이상,0,0,0
동안구,부흥동,100세 이상,1,0,1
동안구,달안동,100세 이상,0,0,0
동안구,관양동,100세 이상,5,2,3
동안구,인덕원동,100세 이상,1,0,1
동안구,부림동,100세 이상,1,1,0
동안구,평촌동,100세 이상,2,1,1
동안구,평안동,100세 이상,4,0,4
동안구,귀인동,100세 이상,2,0,2
동안구,호계1동,100세 이상,1,0,1
동안구,호계2동,100세 이상,2,1,1
동안구,호계3동,100세 이상,6,2,4
동안구,범계동,100세 이상,0,0,0
동안구,신촌동,100세 이상,2,0,2
동안구,갈산동,100세 이상,1,0,1
